ISO-10303-21;
HEADER;
/* Generated by software containing ST-Developer
 * from STEP Tools, Inc. (www.steptools.com) 
 */

FILE_DESCRIPTION(
/* description */ (''),
/* implementation_level */ '2;1');

FILE_NAME(
/* name */ 'Peg Board Ruler.step',
/* time_stamp */ '2026-06-08T16:00:44+10:00',
/* author */ (''),
/* organization */ (''),
/* preprocessor_version */ 'ST-DEVELOPER v20.1',
/* originating_system */ 'Autodesk Translation Framework v15.8.0.0',
/* authorisation */ '');

FILE_SCHEMA (('AUTOMOTIVE_DESIGN { 1 0 10303 214 3 1 1 }'));
ENDSEC;

DATA;
#10=MECHANICAL_DESIGN_GEOMETRIC_PRESENTATION_REPRESENTATION('',(#13,#14),
#2048);
#11=SHAPE_REPRESENTATION_RELATIONSHIP('SRR','None',#2055,#12);
#12=ADVANCED_BREP_SHAPE_REPRESENTATION('',(#15,#16),#2047);
#13=STYLED_ITEM('',(#2064),#15);
#14=STYLED_ITEM('',(#2064),#16);
#15=MANIFOLD_SOLID_BREP('Body1',#871);
#16=MANIFOLD_SOLID_BREP('Body2',#872);
#17=PLANE('',#886);
#18=PLANE('',#887);
#19=PLANE('',#888);
#20=PLANE('',#889);
#21=PLANE('',#890);
#22=PLANE('',#891);
#23=PLANE('',#892);
#24=PLANE('',#893);
#25=PLANE('',#894);
#26=PLANE('',#895);
#27=PLANE('',#896);
#28=PLANE('',#897);
#29=PLANE('',#898);
#30=PLANE('',#899);
#31=PLANE('',#900);
#32=PLANE('',#901);
#33=PLANE('',#902);
#34=PLANE('',#903);
#35=PLANE('',#904);
#36=PLANE('',#905);
#37=PLANE('',#906);
#38=PLANE('',#907);
#39=PLANE('',#908);
#40=PLANE('',#909);
#41=PLANE('',#910);
#42=PLANE('',#911);
#43=PLANE('',#912);
#44=PLANE('',#913);
#45=PLANE('',#914);
#46=PLANE('',#915);
#47=PLANE('',#916);
#48=PLANE('',#917);
#49=PLANE('',#918);
#50=PLANE('',#919);
#51=PLANE('',#920);
#52=PLANE('',#921);
#53=PLANE('',#922);
#54=PLANE('',#923);
#55=(
BOUNDED_CURVE()
B_SPLINE_CURVE(5,(#1216,#1217,#1218,#1219,#1220,#1221,#1222,#1223,#1224,
#1225,#1226,#1227,#1228,#1229,#1230,#1231,#1232,#1233,#1234,#1235,#1236,
#1237,#1238,#1239,#1240,#1241,#1242,#1243,#1244,#1245),.UNSPECIFIED.,.F.,
 .F.)
B_SPLINE_CURVE_WITH_KNOTS((6,1,1,1,1,1,1,1,1,1,1,1,1,1,1,1,1,1,1,1,1,1,
1,1,1,6),(0.,0.04,0.08,0.12,0.16,0.2,0.24,0.28,0.32,0.36,0.4,0.44,0.48,
0.52,0.56,0.6,0.64,0.68,0.72,0.76,0.8,0.84,0.88,0.92,0.96,1.),
 .UNSPECIFIED.)
CURVE()
GEOMETRIC_REPRESENTATION_ITEM()
RATIONAL_B_SPLINE_CURVE((1.,1.,1.,1.,1.,1.,1.,1.,1.,1.,1.,1.,1.,1.,1.,1.,
1.,1.,1.,1.,1.,1.,1.,1.,1.,1.,1.,1.,1.,1.))
REPRESENTATION_ITEM('')
);
#56=(
BOUNDED_CURVE()
B_SPLINE_CURVE(5,(#1286,#1287,#1288,#1289,#1290,#1291),.UNSPECIFIED.,.F.,
 .F.)
B_SPLINE_CURVE_WITH_KNOTS((6,6),(-1.,-0.967274388466309),.UNSPECIFIED.)
CURVE()
GEOMETRIC_REPRESENTATION_ITEM()
RATIONAL_B_SPLINE_CURVE((1.,1.,1.,1.,1.,1.))
REPRESENTATION_ITEM('')
);
#57=(
BOUNDED_CURVE()
B_SPLINE_CURVE(5,(#1369,#1370,#1371,#1372,#1373,#1374,#1375,#1376,#1377,
#1378,#1379,#1380,#1381,#1382,#1383,#1384,#1385,#1386,#1387,#1388,#1389,
#1390,#1391,#1392,#1393,#1394,#1395,#1396,#1397,#1398),.UNSPECIFIED.,.F.,
 .F.)
B_SPLINE_CURVE_WITH_KNOTS((6,1,1,1,1,1,1,1,1,1,1,1,1,1,1,1,1,1,1,1,1,1,
1,1,1,6),(-1.,-0.96,-0.92,-0.88,-0.84,-0.8,-0.76,-0.72,-0.68,-0.64,-0.6,
-0.56,-0.52,-0.48,-0.44,-0.4,-0.36,-0.32,-0.28,-0.24,-0.2,-0.16,-0.12,-0.08,
-0.04,-0.0172057911776109),.UNSPECIFIED.)
CURVE()
GEOMETRIC_REPRESENTATION_ITEM()
RATIONAL_B_SPLINE_CURVE((1.,1.,1.,1.,1.,1.,1.,1.,1.,1.,1.,1.,1.,1.,1.,1.,
1.,1.,1.,1.,1.,1.,1.,1.,1.,1.,1.,1.,1.,1.))
REPRESENTATION_ITEM('')
);
#58=(
BOUNDED_CURVE()
B_SPLINE_CURVE(5,(#1436,#1437,#1438,#1439,#1440,#1441,#1442,#1443,#1444,
#1445,#1446,#1447,#1448,#1449,#1450,#1451,#1452,#1453,#1454,#1455,#1456,
#1457,#1458,#1459,#1460,#1461,#1462,#1463,#1464,#1465),.UNSPECIFIED.,.F.,
 .F.)
B_SPLINE_CURVE_WITH_KNOTS((6,1,1,1,1,1,1,1,1,1,1,1,1,1,1,1,1,1,1,1,1,1,
1,1,1,6),(-1.,-0.96,-0.92,-0.88,-0.84,-0.8,-0.76,-0.72,-0.68,-0.64,-0.6,
-0.56,-0.52,-0.48,-0.44,-0.4,-0.36,-0.32,-0.28,-0.24,-0.2,-0.16,-0.12,-0.08,
-0.04,0.),.UNSPECIFIED.)
CURVE()
GEOMETRIC_REPRESENTATION_ITEM()
RATIONAL_B_SPLINE_CURVE((1.,1.,1.,1.,1.,1.,1.,1.,1.,1.,1.,1.,1.,1.,1.,1.,
1.,1.,1.,1.,1.,1.,1.,1.,1.,1.,1.,1.,1.,1.))
REPRESENTATION_ITEM('')
);
#59=(
BOUNDED_CURVE()
B_SPLINE_CURVE(5,(#1529,#1530,#1531,#1532,#1533,#1534,#1535,#1536,#1537,
#1538,#1539,#1540,#1541,#1542,#1543,#1544,#1545,#1546,#1547,#1548,#1549,
#1550,#1551,#1552,#1553,#1554,#1555,#1556,#1557,#1558),.UNSPECIFIED.,.F.,
 .F.)
B_SPLINE_CURVE_WITH_KNOTS((6,1,1,1,1,1,1,1,1,1,1,1,1,1,1,1,1,1,1,1,1,1,
1,1,1,6),(0.,0.04,0.08,0.12,0.16,0.2,0.24,0.28,0.32,0.36,0.4,0.44,0.48,
0.52,0.56,0.6,0.64,0.68,0.72,0.76,0.8,0.84,0.88,0.92,0.96,1.),
 .UNSPECIFIED.)
CURVE()
GEOMETRIC_REPRESENTATION_ITEM()
RATIONAL_B_SPLINE_CURVE((1.,1.,1.,1.,1.,1.,1.,1.,1.,1.,1.,1.,1.,1.,1.,1.,
1.,1.,1.,1.,1.,1.,1.,1.,1.,1.,1.,1.,1.,1.))
REPRESENTATION_ITEM('')
);
#60=(
BOUNDED_CURVE()
B_SPLINE_CURVE(5,(#1736,#1737,#1738,#1739,#1740,#1741,#1742,#1743,#1744,
#1745,#1746,#1747,#1748,#1749,#1750,#1751,#1752,#1753,#1754,#1755,#1756,
#1757,#1758,#1759,#1760,#1761,#1762,#1763,#1764,#1765),.UNSPECIFIED.,.F.,
 .F.)
B_SPLINE_CURVE_WITH_KNOTS((6,1,1,1,1,1,1,1,1,1,1,1,1,1,1,1,1,1,1,1,1,1,
1,1,1,6),(0.,0.04,0.08,0.12,0.16,0.2,0.24,0.28,0.32,0.36,0.4,0.44,0.48,
0.52,0.56,0.6,0.64,0.68,0.72,0.76,0.8,0.84,0.88,0.92,0.96,1.),
 .UNSPECIFIED.)
CURVE()
GEOMETRIC_REPRESENTATION_ITEM()
RATIONAL_B_SPLINE_CURVE((1.,1.,1.,1.,1.,1.,1.,1.,1.,1.,1.,1.,1.,1.,1.,1.,
1.,1.,1.,1.,1.,1.,1.,1.,1.,1.,1.,1.,1.,1.))
REPRESENTATION_ITEM('')
);
#61=(
BOUNDED_CURVE()
B_SPLINE_CURVE(5,(#1797,#1798,#1799,#1800,#1801,#1802),.UNSPECIFIED.,.F.,
 .F.)
B_SPLINE_CURVE_WITH_KNOTS((6,6),(-1.,-0.967274388466309),.UNSPECIFIED.)
CURVE()
GEOMETRIC_REPRESENTATION_ITEM()
RATIONAL_B_SPLINE_CURVE((1.,1.,1.,1.,1.,1.))
REPRESENTATION_ITEM('')
);
#62=(
BOUNDED_CURVE()
B_SPLINE_CURVE(5,(#1866,#1867,#1868,#1869,#1870,#1871,#1872,#1873,#1874,
#1875,#1876,#1877,#1878,#1879,#1880,#1881,#1882,#1883,#1884,#1885,#1886,
#1887,#1888,#1889,#1890,#1891,#1892,#1893,#1894,#1895),.UNSPECIFIED.,.F.,
 .F.)
B_SPLINE_CURVE_WITH_KNOTS((6,1,1,1,1,1,1,1,1,1,1,1,1,1,1,1,1,1,1,1,1,1,
1,1,1,6),(-1.,-0.96,-0.92,-0.88,-0.84,-0.8,-0.76,-0.72,-0.68,-0.64,-0.6,
-0.56,-0.52,-0.48,-0.44,-0.4,-0.36,-0.32,-0.28,-0.24,-0.2,-0.16,-0.12,-0.08,
-0.04,-0.0172057911776109),.UNSPECIFIED.)
CURVE()
GEOMETRIC_REPRESENTATION_ITEM()
RATIONAL_B_SPLINE_CURVE((1.,1.,1.,1.,1.,1.,1.,1.,1.,1.,1.,1.,1.,1.,1.,1.,
1.,1.,1.,1.,1.,1.,1.,1.,1.,1.,1.,1.,1.,1.))
REPRESENTATION_ITEM('')
);
#63=(
BOUNDED_CURVE()
B_SPLINE_CURVE(5,(#1920,#1921,#1922,#1923,#1924,#1925,#1926,#1927,#1928,
#1929,#1930,#1931,#1932,#1933,#1934,#1935,#1936,#1937,#1938,#1939,#1940,
#1941,#1942,#1943,#1944,#1945,#1946,#1947,#1948,#1949),.UNSPECIFIED.,.F.,
 .F.)
B_SPLINE_CURVE_WITH_KNOTS((6,1,1,1,1,1,1,1,1,1,1,1,1,1,1,1,1,1,1,1,1,1,
1,1,1,6),(-1.,-0.96,-0.92,-0.88,-0.84,-0.8,-0.76,-0.72,-0.68,-0.64,-0.6,
-0.56,-0.52,-0.48,-0.44,-0.4,-0.36,-0.32,-0.28,-0.24,-0.2,-0.16,-0.12,-0.08,
-0.04,0.),.UNSPECIFIED.)
CURVE()
GEOMETRIC_REPRESENTATION_ITEM()
RATIONAL_B_SPLINE_CURVE((1.,1.,1.,1.,1.,1.,1.,1.,1.,1.,1.,1.,1.,1.,1.,1.,
1.,1.,1.,1.,1.,1.,1.,1.,1.,1.,1.,1.,1.,1.))
REPRESENTATION_ITEM('')
);
#64=(
BOUNDED_CURVE()
B_SPLINE_CURVE(5,(#2012,#2013,#2014,#2015,#2016,#2017,#2018,#2019,#2020,
#2021,#2022,#2023,#2024,#2025,#2026,#2027,#2028,#2029,#2030,#2031,#2032,
#2033,#2034,#2035,#2036,#2037,#2038,#2039,#2040,#2041),.UNSPECIFIED.,.F.,
 .F.)
B_SPLINE_CURVE_WITH_KNOTS((6,1,1,1,1,1,1,1,1,1,1,1,1,1,1,1,1,1,1,1,1,1,
1,1,1,6),(0.,0.04,0.08,0.12,0.16,0.2,0.24,0.28,0.32,0.36,0.4,0.44,0.48,
0.52,0.56,0.6,0.64,0.68,0.72,0.76,0.8,0.84,0.88,0.92,0.96,1.),
 .UNSPECIFIED.)
CURVE()
GEOMETRIC_REPRESENTATION_ITEM()
RATIONAL_B_SPLINE_CURVE((1.,1.,1.,1.,1.,1.,1.,1.,1.,1.,1.,1.,1.,1.,1.,1.,
1.,1.,1.,1.,1.,1.,1.,1.,1.,1.,1.,1.,1.,1.))
REPRESENTATION_ITEM('')
);
#65=(
BOUNDED_SURFACE()
B_SPLINE_SURFACE(5,1,((#1146,#1147),(#1148,#1149),(#1150,#1151),(#1152,
#1153),(#1154,#1155),(#1156,#1157),(#1158,#1159),(#1160,#1161),(#1162,#1163),
(#1164,#1165),(#1166,#1167),(#1168,#1169),(#1170,#1171),(#1172,#1173),(#1174,
#1175),(#1176,#1177),(#1178,#1179),(#1180,#1181),(#1182,#1183),(#1184,#1185),
(#1186,#1187),(#1188,#1189),(#1190,#1191),(#1192,#1193),(#1194,#1195),(#1196,
#1197),(#1198,#1199),(#1200,#1201),(#1202,#1203),(#1204,#1205)),
 .UNSPECIFIED.,.F.,.F.,.F.)
B_SPLINE_SURFACE_WITH_KNOTS((6,1,1,1,1,1,1,1,1,1,1,1,1,1,1,1,1,1,1,1,1,
1,1,1,1,6),(2,2),(0.,0.04,0.08,0.12,0.16,0.2,0.24,0.28,0.32,0.36,0.4,0.44,
0.48,0.52,0.56,0.6,0.64,0.68,0.72,0.76,0.8,0.84,0.88,0.92,0.96,1.),(0.,
2.85),.UNSPECIFIED.)
GEOMETRIC_REPRESENTATION_ITEM()
RATIONAL_B_SPLINE_SURFACE(((1.,1.),(1.,1.),(1.,1.),(1.,1.),(1.,1.),(1.,
1.),(1.,1.),(1.,1.),(1.,1.),(1.,1.),(1.,1.),(1.,1.),(1.,1.),(1.,1.),(1.,
1.),(1.,1.),(1.,1.),(1.,1.),(1.,1.),(1.,1.),(1.,1.),(1.,1.),(1.,1.),(1.,
1.),(1.,1.),(1.,1.),(1.,1.),(1.,1.),(1.,1.),(1.,1.)))
REPRESENTATION_ITEM('')
SURFACE()
);
#66=(
BOUNDED_SURFACE()
B_SPLINE_SURFACE(5,1,((#1293,#1294),(#1295,#1296),(#1297,#1298),(#1299,
#1300),(#1301,#1302),(#1303,#1304),(#1305,#1306),(#1307,#1308),(#1309,#1310),
(#1311,#1312),(#1313,#1314),(#1315,#1316),(#1317,#1318),(#1319,#1320),(#1321,
#1322),(#1323,#1324),(#1325,#1326),(#1327,#1328),(#1329,#1330),(#1331,#1332),
(#1333,#1334),(#1335,#1336),(#1337,#1338),(#1339,#1340),(#1341,#1342),(#1343,
#1344),(#1345,#1346),(#1347,#1348),(#1349,#1350),(#1351,#1352)),
 .UNSPECIFIED.,.F.,.F.,.F.)
B_SPLINE_SURFACE_WITH_KNOTS((6,1,1,1,1,1,1,1,1,1,1,1,1,1,1,1,1,1,1,1,1,
1,1,1,1,6),(2,2),(-1.,-0.96,-0.92,-0.88,-0.84,-0.8,-0.76,-0.72,-0.68,-0.64,
-0.6,-0.56,-0.52,-0.48,-0.44,-0.4,-0.36,-0.32,-0.28,-0.24,-0.2,-0.16,-0.12,
-0.08,-0.04,-0.0172057911776109),(0.,0.38),.UNSPECIFIED.)
GEOMETRIC_REPRESENTATION_ITEM()
RATIONAL_B_SPLINE_SURFACE(((1.,1.),(1.,1.),(1.,1.),(1.,1.),(1.,1.),(1.,
1.),(1.,1.),(1.,1.),(1.,1.),(1.,1.),(1.,1.),(1.,1.),(1.,1.),(1.,1.),(1.,
1.),(1.,1.),(1.,1.),(1.,1.),(1.,1.),(1.,1.),(1.,1.),(1.,1.),(1.,1.),(1.,
1.),(1.,1.),(1.,1.),(1.,1.),(1.,1.),(1.,1.),(1.,1.)))
REPRESENTATION_ITEM('')
SURFACE()
);
#67=(
BOUNDED_SURFACE()
B_SPLINE_SURFACE(5,1,((#1468,#1469),(#1470,#1471),(#1472,#1473),(#1474,
#1475),(#1476,#1477),(#1478,#1479),(#1480,#1481),(#1482,#1483),(#1484,#1485),
(#1486,#1487),(#1488,#1489),(#1490,#1491),(#1492,#1493),(#1494,#1495),(#1496,
#1497),(#1498,#1499),(#1500,#1501),(#1502,#1503),(#1504,#1505),(#1506,#1507),
(#1508,#1509),(#1510,#1511),(#1512,#1513),(#1514,#1515),(#1516,#1517),(#1518,
#1519),(#1520,#1521),(#1522,#1523),(#1524,#1525),(#1526,#1527)),
 .UNSPECIFIED.,.F.,.F.,.F.)
B_SPLINE_SURFACE_WITH_KNOTS((6,1,1,1,1,1,1,1,1,1,1,1,1,1,1,1,1,1,1,1,1,
1,1,1,1,6),(2,2),(0.,0.04,0.08,0.12,0.16,0.2,0.24,0.28,0.32,0.36,0.4,0.44,
0.48,0.52,0.56,0.6,0.64,0.68,0.72,0.76,0.8,0.84,0.88,0.92,0.96,1.),(-0.04,
2.5),.UNSPECIFIED.)
GEOMETRIC_REPRESENTATION_ITEM()
RATIONAL_B_SPLINE_SURFACE(((1.,1.),(1.,1.),(1.,1.),(1.,1.),(1.,1.),(1.,
1.),(1.,1.),(1.,1.),(1.,1.),(1.,1.),(1.,1.),(1.,1.),(1.,1.),(1.,1.),(1.,
1.),(1.,1.),(1.,1.),(1.,1.),(1.,1.),(1.,1.),(1.,1.),(1.,1.),(1.,1.),(1.,
1.),(1.,1.),(1.,1.),(1.,1.),(1.,1.),(1.,1.),(1.,1.)))
REPRESENTATION_ITEM('')
SURFACE()
);
#68=(
BOUNDED_SURFACE()
B_SPLINE_SURFACE(5,1,((#1666,#1667),(#1668,#1669),(#1670,#1671),(#1672,
#1673),(#1674,#1675),(#1676,#1677),(#1678,#1679),(#1680,#1681),(#1682,#1683),
(#1684,#1685),(#1686,#1687),(#1688,#1689),(#1690,#1691),(#1692,#1693),(#1694,
#1695),(#1696,#1697),(#1698,#1699),(#1700,#1701),(#1702,#1703),(#1704,#1705),
(#1706,#1707),(#1708,#1709),(#1710,#1711),(#1712,#1713),(#1714,#1715),(#1716,
#1717),(#1718,#1719),(#1720,#1721),(#1722,#1723),(#1724,#1725)),
 .UNSPECIFIED.,.F.,.F.,.F.)
B_SPLINE_SURFACE_WITH_KNOTS((6,1,1,1,1,1,1,1,1,1,1,1,1,1,1,1,1,1,1,1,1,
1,1,1,1,6),(2,2),(0.,0.04,0.08,0.12,0.16,0.2,0.24,0.28,0.32,0.36,0.4,0.44,
0.48,0.52,0.56,0.6,0.64,0.68,0.72,0.76,0.8,0.84,0.88,0.92,0.96,1.),(0.,
2.85),.UNSPECIFIED.)
GEOMETRIC_REPRESENTATION_ITEM()
RATIONAL_B_SPLINE_SURFACE(((1.,1.),(1.,1.),(1.,1.),(1.,1.),(1.,1.),(1.,
1.),(1.,1.),(1.,1.),(1.,1.),(1.,1.),(1.,1.),(1.,1.),(1.,1.),(1.,1.),(1.,
1.),(1.,1.),(1.,1.),(1.,1.),(1.,1.),(1.,1.),(1.,1.),(1.,1.),(1.,1.),(1.,
1.),(1.,1.),(1.,1.),(1.,1.),(1.,1.),(1.,1.),(1.,1.)))
REPRESENTATION_ITEM('')
SURFACE()
);
#69=(
BOUNDED_SURFACE()
B_SPLINE_SURFACE(5,1,((#1803,#1804),(#1805,#1806),(#1807,#1808),(#1809,
#1810),(#1811,#1812),(#1813,#1814),(#1815,#1816),(#1817,#1818),(#1819,#1820),
(#1821,#1822),(#1823,#1824),(#1825,#1826),(#1827,#1828),(#1829,#1830),(#1831,
#1832),(#1833,#1834),(#1835,#1836),(#1837,#1838),(#1839,#1840),(#1841,#1842),
(#1843,#1844),(#1845,#1846),(#1847,#1848),(#1849,#1850),(#1851,#1852),(#1853,
#1854),(#1855,#1856),(#1857,#1858),(#1859,#1860),(#1861,#1862)),
 .UNSPECIFIED.,.F.,.F.,.F.)
B_SPLINE_SURFACE_WITH_KNOTS((6,1,1,1,1,1,1,1,1,1,1,1,1,1,1,1,1,1,1,1,1,
1,1,1,1,6),(2,2),(-1.,-0.96,-0.92,-0.88,-0.84,-0.8,-0.76,-0.72,-0.68,-0.64,
-0.6,-0.56,-0.52,-0.48,-0.44,-0.4,-0.36,-0.32,-0.28,-0.24,-0.2,-0.16,-0.12,
-0.08,-0.04,-0.0172057911776109),(0.,0.38),.UNSPECIFIED.)
GEOMETRIC_REPRESENTATION_ITEM()
RATIONAL_B_SPLINE_SURFACE(((1.,1.),(1.,1.),(1.,1.),(1.,1.),(1.,1.),(1.,
1.),(1.,1.),(1.,1.),(1.,1.),(1.,1.),(1.,1.),(1.,1.),(1.,1.),(1.,1.),(1.,
1.),(1.,1.),(1.,1.),(1.,1.),(1.,1.),(1.,1.),(1.,1.),(1.,1.),(1.,1.),(1.,
1.),(1.,1.),(1.,1.),(1.,1.),(1.,1.),(1.,1.),(1.,1.)))
REPRESENTATION_ITEM('')
SURFACE()
);
#70=(
BOUNDED_SURFACE()
B_SPLINE_SURFACE(5,1,((#1950,#1951),(#1952,#1953),(#1954,#1955),(#1956,
#1957),(#1958,#1959),(#1960,#1961),(#1962,#1963),(#1964,#1965),(#1966,#1967),
(#1968,#1969),(#1970,#1971),(#1972,#1973),(#1974,#1975),(#1976,#1977),(#1978,
#1979),(#1980,#1981),(#1982,#1983),(#1984,#1985),(#1986,#1987),(#1988,#1989),
(#1990,#1991),(#1992,#1993),(#1994,#1995),(#1996,#1997),(#1998,#1999),(#2000,
#2001),(#2002,#2003),(#2004,#2005),(#2006,#2007),(#2008,#2009)),
 .UNSPECIFIED.,.F.,.F.,.F.)
B_SPLINE_SURFACE_WITH_KNOTS((6,1,1,1,1,1,1,1,1,1,1,1,1,1,1,1,1,1,1,1,1,
1,1,1,1,6),(2,2),(0.,0.04,0.08,0.12,0.16,0.2,0.24,0.28,0.32,0.36,0.4,0.44,
0.48,0.52,0.56,0.6,0.64,0.68,0.72,0.76,0.8,0.84,0.88,0.92,0.96,1.),(-0.04,
2.5),.UNSPECIFIED.)
GEOMETRIC_REPRESENTATION_ITEM()
RATIONAL_B_SPLINE_SURFACE(((1.,1.),(1.,1.),(1.,1.),(1.,1.),(1.,1.),(1.,
1.),(1.,1.),(1.,1.),(1.,1.),(1.,1.),(1.,1.),(1.,1.),(1.,1.),(1.,1.),(1.,
1.),(1.,1.),(1.,1.),(1.,1.),(1.,1.),(1.,1.),(1.,1.),(1.,1.),(1.,1.),(1.,
1.),(1.,1.),(1.,1.),(1.,1.),(1.,1.),(1.,1.),(1.,1.)))
REPRESENTATION_ITEM('')
SURFACE()
);
#71=FACE_OUTER_BOUND('',#117,.T.);
#72=FACE_OUTER_BOUND('',#118,.T.);
#73=FACE_OUTER_BOUND('',#119,.T.);
#74=FACE_OUTER_BOUND('',#120,.T.);
#75=FACE_OUTER_BOUND('',#121,.T.);
#76=FACE_OUTER_BOUND('',#122,.T.);
#77=FACE_OUTER_BOUND('',#123,.T.);
#78=FACE_OUTER_BOUND('',#124,.T.);
#79=FACE_OUTER_BOUND('',#125,.T.);
#80=FACE_OUTER_BOUND('',#126,.T.);
#81=FACE_OUTER_BOUND('',#127,.T.);
#82=FACE_OUTER_BOUND('',#128,.T.);
#83=FACE_OUTER_BOUND('',#129,.T.);
#84=FACE_OUTER_BOUND('',#130,.T.);
#85=FACE_OUTER_BOUND('',#131,.T.);
#86=FACE_OUTER_BOUND('',#132,.T.);
#87=FACE_OUTER_BOUND('',#133,.T.);
#88=FACE_OUTER_BOUND('',#134,.T.);
#89=FACE_OUTER_BOUND('',#135,.T.);
#90=FACE_OUTER_BOUND('',#136,.T.);
#91=FACE_OUTER_BOUND('',#137,.T.);
#92=FACE_OUTER_BOUND('',#138,.T.);
#93=FACE_OUTER_BOUND('',#139,.T.);
#94=FACE_OUTER_BOUND('',#140,.T.);
#95=FACE_OUTER_BOUND('',#141,.T.);
#96=FACE_OUTER_BOUND('',#142,.T.);
#97=FACE_OUTER_BOUND('',#143,.T.);
#98=FACE_OUTER_BOUND('',#144,.T.);
#99=FACE_OUTER_BOUND('',#145,.T.);
#100=FACE_OUTER_BOUND('',#146,.T.);
#101=FACE_OUTER_BOUND('',#147,.T.);
#102=FACE_OUTER_BOUND('',#148,.T.);
#103=FACE_OUTER_BOUND('',#149,.T.);
#104=FACE_OUTER_BOUND('',#150,.T.);
#105=FACE_OUTER_BOUND('',#151,.T.);
#106=FACE_OUTER_BOUND('',#152,.T.);
#107=FACE_OUTER_BOUND('',#153,.T.);
#108=FACE_OUTER_BOUND('',#154,.T.);
#109=FACE_OUTER_BOUND('',#155,.T.);
#110=FACE_OUTER_BOUND('',#156,.T.);
#111=FACE_OUTER_BOUND('',#157,.T.);
#112=FACE_OUTER_BOUND('',#158,.T.);
#113=FACE_OUTER_BOUND('',#159,.T.);
#114=FACE_OUTER_BOUND('',#160,.T.);
#115=FACE_OUTER_BOUND('',#161,.T.);
#116=FACE_OUTER_BOUND('',#162,.T.);
#117=EDGE_LOOP('',(#579,#580,#581,#582));
#118=EDGE_LOOP('',(#583,#584,#585,#586,#587,#588));
#119=EDGE_LOOP('',(#589,#590,#591,#592));
#120=EDGE_LOOP('',(#593,#594,#595,#596,#597,#598,#599,#600,#601));
#121=EDGE_LOOP('',(#602,#603,#604,#605));
#122=EDGE_LOOP('',(#606,#607,#608));
#123=EDGE_LOOP('',(#609,#610,#611,#612));
#124=EDGE_LOOP('',(#613,#614,#615,#616));
#125=EDGE_LOOP('',(#617,#618,#619));
#126=EDGE_LOOP('',(#620,#621,#622,#623,#624));
#127=EDGE_LOOP('',(#625,#626,#627,#628,#629,#630));
#128=EDGE_LOOP('',(#631,#632,#633,#634,#635));
#129=EDGE_LOOP('',(#636,#637,#638,#639));
#130=EDGE_LOOP('',(#640,#641,#642,#643));
#131=EDGE_LOOP('',(#644,#645,#646,#647,#648));
#132=EDGE_LOOP('',(#649,#650,#651,#652));
#133=EDGE_LOOP('',(#653,#654,#655,#656));
#134=EDGE_LOOP('',(#657,#658,#659,#660,#661,#662,#663,#664,#665,#666));
#135=EDGE_LOOP('',(#667,#668,#669,#670,#671));
#136=EDGE_LOOP('',(#672,#673,#674,#675,#676,#677,#678,#679));
#137=EDGE_LOOP('',(#680,#681,#682,#683,#684,#685,#686,#687,#688));
#138=EDGE_LOOP('',(#689,#690,#691,#692));
#139=EDGE_LOOP('',(#693,#694,#695,#696));
#140=EDGE_LOOP('',(#697,#698,#699,#700));
#141=EDGE_LOOP('',(#701,#702,#703,#704,#705,#706,#707,#708,#709,#710,#711,
#712,#713,#714));
#142=EDGE_LOOP('',(#715,#716,#717,#718,#719,#720));
#143=EDGE_LOOP('',(#721,#722,#723,#724));
#144=EDGE_LOOP('',(#725,#726,#727,#728,#729,#730));
#145=EDGE_LOOP('',(#731,#732,#733,#734));
#146=EDGE_LOOP('',(#735,#736,#737,#738,#739,#740,#741,#742,#743));
#147=EDGE_LOOP('',(#744,#745,#746,#747));
#148=EDGE_LOOP('',(#748,#749,#750));
#149=EDGE_LOOP('',(#751,#752,#753,#754));
#150=EDGE_LOOP('',(#755,#756,#757,#758));
#151=EDGE_LOOP('',(#759,#760,#761));
#152=EDGE_LOOP('',(#762,#763,#764,#765,#766));
#153=EDGE_LOOP('',(#767,#768,#769,#770));
#154=EDGE_LOOP('',(#771,#772,#773,#774,#775));
#155=EDGE_LOOP('',(#776,#777,#778,#779));
#156=EDGE_LOOP('',(#780,#781,#782,#783));
#157=EDGE_LOOP('',(#784,#785,#786,#787,#788));
#158=EDGE_LOOP('',(#789,#790,#791,#792));
#159=EDGE_LOOP('',(#793,#794,#795,#796));
#160=EDGE_LOOP('',(#797,#798,#799,#800,#801));
#161=EDGE_LOOP('',(#802,#803,#804,#805,#806,#807,#808,#809,#810,#811,#812,
#813));
#162=EDGE_LOOP('',(#814,#815,#816,#817,#818,#819,#820,#821,#822));
#163=LINE('',#1132,#265);
#164=LINE('',#1214,#266);
#165=LINE('',#1246,#267);
#166=LINE('',#1250,#268);
#167=LINE('',#1252,#269);
#168=LINE('',#1254,#270);
#169=LINE('',#1255,#271);
#170=LINE('',#1258,#272);
#171=LINE('',#1260,#273);
#172=LINE('',#1262,#274);
#173=LINE('',#1264,#275);
#174=LINE('',#1265,#276);
#175=LINE('',#1266,#277);
#176=LINE('',#1269,#278);
#177=LINE('',#1270,#279);
#178=LINE('',#1272,#280);
#179=LINE('',#1275,#281);
#180=LINE('',#1276,#282);
#181=LINE('',#1279,#283);
#182=LINE('',#1280,#284);
#183=LINE('',#1284,#285);
#184=LINE('',#1292,#286);
#185=LINE('',#1367,#287);
#186=LINE('',#1399,#288);
#187=LINE('',#1402,#289);
#188=LINE('',#1404,#290);
#189=LINE('',#1406,#291);
#190=LINE('',#1407,#292);
#191=LINE('',#1410,#293);
#192=LINE('',#1412,#294);
#193=LINE('',#1414,#295);
#194=LINE('',#1415,#296);
#195=LINE('',#1417,#297);
#196=LINE('',#1420,#298);
#197=LINE('',#1422,#299);
#198=LINE('',#1423,#300);
#199=LINE('',#1425,#301);
#200=LINE('',#1426,#302);
#201=LINE('',#1429,#303);
#202=LINE('',#1430,#304);
#203=LINE('',#1433,#305);
#204=LINE('',#1435,#306);
#205=LINE('',#1467,#307);
#206=LINE('',#1559,#308);
#207=LINE('',#1561,#309);
#208=LINE('',#1566,#310);
#209=LINE('',#1568,#311);
#210=LINE('',#1570,#312);
#211=LINE('',#1571,#313);
#212=LINE('',#1574,#314);
#213=LINE('',#1576,#315);
#214=LINE('',#1577,#316);
#215=LINE('',#1580,#317);
#216=LINE('',#1582,#318);
#217=LINE('',#1583,#319);
#218=LINE('',#1586,#320);
#219=LINE('',#1588,#321);
#220=LINE('',#1590,#322);
#221=LINE('',#1592,#323);
#222=LINE('',#1594,#324);
#223=LINE('',#1596,#325);
#224=LINE('',#1598,#326);
#225=LINE('',#1600,#327);
#226=LINE('',#1602,#328);
#227=LINE('',#1604,#329);
#228=LINE('',#1605,#330);
#229=LINE('',#1608,#331);
#230=LINE('',#1610,#332);
#231=LINE('',#1624,#333);
#232=LINE('',#1665,#334);
#233=LINE('',#1734,#335);
#234=LINE('',#1766,#336);
#235=LINE('',#1770,#337);
#236=LINE('',#1772,#338);
#237=LINE('',#1774,#339);
#238=LINE('',#1775,#340);
#239=LINE('',#1777,#341);
#240=LINE('',#1779,#342);
#241=LINE('',#1781,#343);
#242=LINE('',#1782,#344);
#243=LINE('',#1783,#345);
#244=LINE('',#1785,#346);
#245=LINE('',#1787,#347);
#246=LINE('',#1790,#348);
#247=LINE('',#1791,#349);
#248=LINE('',#1793,#350);
#249=LINE('',#1796,#351);
#250=LINE('',#1864,#352);
#251=LINE('',#1896,#353);
#252=LINE('',#1899,#354);
#253=LINE('',#1900,#355);
#254=LINE('',#1903,#356);
#255=LINE('',#1904,#357);
#256=LINE('',#1905,#358);
#257=LINE('',#1909,#359);
#258=LINE('',#1910,#360);
#259=LINE('',#1912,#361);
#260=LINE('',#1915,#362);
#261=LINE('',#1916,#363);
#262=LINE('',#1919,#364);
#263=LINE('',#2011,#365);
#264=LINE('',#2043,#366);
#265=VECTOR('',#926,10.);
#266=VECTOR('',#927,10.);
#267=VECTOR('',#928,10.);
#268=VECTOR('',#931,10.);
#269=VECTOR('',#932,10.);
#270=VECTOR('',#933,10.);
#271=VECTOR('',#934,10.);
#272=VECTOR('',#937,10.);
#273=VECTOR('',#938,10.);
#274=VECTOR('',#939,10.);
#275=VECTOR('',#940,10.);
#276=VECTOR('',#941,10.);
#277=VECTOR('',#942,10.);
#278=VECTOR('',#945,10.);
#279=VECTOR('',#946,10.);
#280=VECTOR('',#949,10.);
#281=VECTOR('',#952,10.);
#282=VECTOR('',#953,10.);
#283=VECTOR('',#956,10.);
#284=VECTOR('',#957,10.);
#285=VECTOR('',#960,10.);
#286=VECTOR('',#961,10.);
#287=VECTOR('',#962,10.);
#288=VECTOR('',#963,10.);
#289=VECTOR('',#966,10.);
#290=VECTOR('',#967,10.);
#291=VECTOR('',#968,10.);
#292=VECTOR('',#969,10.);
#293=VECTOR('',#972,10.);
#294=VECTOR('',#973,10.);
#295=VECTOR('',#974,10.);
#296=VECTOR('',#975,10.);
#297=VECTOR('',#978,10.);
#298=VECTOR('',#981,10.);
#299=VECTOR('',#982,10.);
#300=VECTOR('',#983,10.);
#301=VECTOR('',#986,10.);
#302=VECTOR('',#987,10.);
#303=VECTOR('',#990,10.);
#304=VECTOR('',#991,10.);
#305=VECTOR('',#994,10.);
#306=VECTOR('',#995,10.);
#307=VECTOR('',#998,10.);
#308=VECTOR('',#999,10.);
#309=VECTOR('',#1002,10.);
#310=VECTOR('',#1007,10.);
#311=VECTOR('',#1008,10.);
#312=VECTOR('',#1009,10.);
#313=VECTOR('',#1010,10.);
#314=VECTOR('',#1013,10.);
#315=VECTOR('',#1014,10.);
#316=VECTOR('',#1015,10.);
#317=VECTOR('',#1018,10.);
#318=VECTOR('',#1019,10.);
#319=VECTOR('',#1020,10.);
#320=VECTOR('',#1023,10.);
#321=VECTOR('',#1024,10.);
#322=VECTOR('',#1025,10.);
#323=VECTOR('',#1026,10.);
#324=VECTOR('',#1027,10.);
#325=VECTOR('',#1028,10.);
#326=VECTOR('',#1029,10.);
#327=VECTOR('',#1030,10.);
#328=VECTOR('',#1031,10.);
#329=VECTOR('',#1032,10.);
#330=VECTOR('',#1033,10.);
#331=VECTOR('',#1036,10.);
#332=VECTOR('',#1037,10.);
#333=VECTOR('',#1038,10.);
#334=VECTOR('',#1039,10.);
#335=VECTOR('',#1040,10.);
#336=VECTOR('',#1041,10.);
#337=VECTOR('',#1044,10.);
#338=VECTOR('',#1045,10.);
#339=VECTOR('',#1046,10.);
#340=VECTOR('',#1047,10.);
#341=VECTOR('',#1050,10.);
#342=VECTOR('',#1051,10.);
#343=VECTOR('',#1052,10.);
#344=VECTOR('',#1053,10.);
#345=VECTOR('',#1054,10.);
#346=VECTOR('',#1057,10.);
#347=VECTOR('',#1060,10.);
#348=VECTOR('',#1063,10.);
#349=VECTOR('',#1064,10.);
#350=VECTOR('',#1067,10.);
#351=VECTOR('',#1070,10.);
#352=VECTOR('',#1071,10.);
#353=VECTOR('',#1072,10.);
#354=VECTOR('',#1075,10.);
#355=VECTOR('',#1076,10.);
#356=VECTOR('',#1079,10.);
#357=VECTOR('',#1080,10.);
#358=VECTOR('',#1081,10.);
#359=VECTOR('',#1086,10.);
#360=VECTOR('',#1087,10.);
#361=VECTOR('',#1090,10.);
#362=VECTOR('',#1093,10.);
#363=VECTOR('',#1094,10.);
#364=VECTOR('',#1097,10.);
#365=VECTOR('',#1098,10.);
#366=VECTOR('',#1101,10.);
#367=B_SPLINE_CURVE_WITH_KNOTS('',3,(#1123,#1124,#1125,#1126,#1127,#1128,
#1129,#1130),.UNSPECIFIED.,.F.,.F.,(4,2,2,4),(0.236300875397243,0.294945176357742,
0.48308040828324,0.591876944978906),.UNSPECIFIED.);
#368=B_SPLINE_CURVE_WITH_KNOTS('',3,(#1134,#1135,#1136,#1137,#1138,#1139,
#1140,#1141),.UNSPECIFIED.,.F.,.F.,(4,2,2,4),(0.236300875397243,0.294945176357742,
0.48308040828324,0.591876944978906),.UNSPECIFIED.);
#369=B_SPLINE_CURVE_WITH_KNOTS('',3,(#1142,#1143,#1144,#1145),
 .UNSPECIFIED.,.F.,.F.,(4,4),(0.05,0.250000000000002),.UNSPECIFIED.);
#370=B_SPLINE_CURVE_WITH_KNOTS('',3,(#1207,#1208,#1209,#1210,#1211,#1212),
 .UNSPECIFIED.,.F.,.F.,(4,2,4),(0.,0.214126109649408,0.404471095068499),
 .UNSPECIFIED.);
#371=B_SPLINE_CURVE_WITH_KNOTS('',3,(#1354,#1355,#1356,#1357,#1358,#1359,
#1360,#1361,#1362,#1363,#1364,#1365),.UNSPECIFIED.,.F.,.F.,(4,2,2,2,2,4),
(0.,0.00636019062743064,0.0239229618794451,0.0587140114636138,0.0931998963728387,
0.147668310227919),.UNSPECIFIED.);
#372=B_SPLINE_CURVE_WITH_KNOTS('',3,(#1612,#1613,#1614,#1615,#1616,#1617,
#1618,#1619,#1620,#1621,#1622,#1623),.UNSPECIFIED.,.F.,.F.,(4,2,2,2,2,4),
(0.,0.00636019062743064,0.0239229618794451,0.0587140114636138,0.0931998963728387,
0.147668310227919),.UNSPECIFIED.);
#373=B_SPLINE_CURVE_WITH_KNOTS('',3,(#1643,#1644,#1645,#1646,#1647,#1648,
#1649,#1650),.UNSPECIFIED.,.F.,.F.,(4,2,2,4),(0.236300875397243,0.294945176357742,
0.48308040828324,0.591876944978906),.UNSPECIFIED.);
#374=B_SPLINE_CURVE_WITH_KNOTS('',3,(#1652,#1653,#1654,#1655),
 .UNSPECIFIED.,.F.,.F.,(4,4),(0.05,0.250000000000002),.UNSPECIFIED.);
#375=B_SPLINE_CURVE_WITH_KNOTS('',3,(#1657,#1658,#1659,#1660,#1661,#1662,
#1663,#1664),.UNSPECIFIED.,.F.,.F.,(4,2,2,4),(0.236300875397243,0.294945176357742,
0.48308040828324,0.591876944978906),.UNSPECIFIED.);
#376=B_SPLINE_CURVE_WITH_KNOTS('',3,(#1727,#1728,#1729,#1730,#1731,#1732),
 .UNSPECIFIED.,.F.,.F.,(4,2,4),(0.,0.214126109649408,0.404471095068499),
 .UNSPECIFIED.);
#377=VERTEX_POINT('',#1121);
#378=VERTEX_POINT('',#1122);
#379=VERTEX_POINT('',#1131);
#380=VERTEX_POINT('',#1133);
#381=VERTEX_POINT('',#1206);
#382=VERTEX_POINT('',#1213);
#383=VERTEX_POINT('',#1215);
#384=VERTEX_POINT('',#1248);
#385=VERTEX_POINT('',#1249);
#386=VERTEX_POINT('',#1251);
#387=VERTEX_POINT('',#1253);
#388=VERTEX_POINT('',#1257);
#389=VERTEX_POINT('',#1259);
#390=VERTEX_POINT('',#1261);
#391=VERTEX_POINT('',#1263);
#392=VERTEX_POINT('',#1268);
#393=VERTEX_POINT('',#1274);
#394=VERTEX_POINT('',#1278);
#395=VERTEX_POINT('',#1282);
#396=VERTEX_POINT('',#1283);
#397=VERTEX_POINT('',#1285);
#398=VERTEX_POINT('',#1353);
#399=VERTEX_POINT('',#1366);
#400=VERTEX_POINT('',#1368);
#401=VERTEX_POINT('',#1401);
#402=VERTEX_POINT('',#1403);
#403=VERTEX_POINT('',#1405);
#404=VERTEX_POINT('',#1409);
#405=VERTEX_POINT('',#1411);
#406=VERTEX_POINT('',#1413);
#407=VERTEX_POINT('',#1419);
#408=VERTEX_POINT('',#1421);
#409=VERTEX_POINT('',#1428);
#410=VERTEX_POINT('',#1432);
#411=VERTEX_POINT('',#1434);
#412=VERTEX_POINT('',#1528);
#413=VERTEX_POINT('',#1564);
#414=VERTEX_POINT('',#1565);
#415=VERTEX_POINT('',#1567);
#416=VERTEX_POINT('',#1569);
#417=VERTEX_POINT('',#1573);
#418=VERTEX_POINT('',#1575);
#419=VERTEX_POINT('',#1579);
#420=VERTEX_POINT('',#1581);
#421=VERTEX_POINT('',#1585);
#422=VERTEX_POINT('',#1587);
#423=VERTEX_POINT('',#1589);
#424=VERTEX_POINT('',#1591);
#425=VERTEX_POINT('',#1593);
#426=VERTEX_POINT('',#1595);
#427=VERTEX_POINT('',#1597);
#428=VERTEX_POINT('',#1599);
#429=VERTEX_POINT('',#1601);
#430=VERTEX_POINT('',#1603);
#431=VERTEX_POINT('',#1607);
#432=VERTEX_POINT('',#1609);
#433=VERTEX_POINT('',#1611);
#434=VERTEX_POINT('',#1641);
#435=VERTEX_POINT('',#1642);
#436=VERTEX_POINT('',#1651);
#437=VERTEX_POINT('',#1656);
#438=VERTEX_POINT('',#1726);
#439=VERTEX_POINT('',#1733);
#440=VERTEX_POINT('',#1735);
#441=VERTEX_POINT('',#1768);
#442=VERTEX_POINT('',#1769);
#443=VERTEX_POINT('',#1771);
#444=VERTEX_POINT('',#1773);
#445=VERTEX_POINT('',#1778);
#446=VERTEX_POINT('',#1780);
#447=VERTEX_POINT('',#1789);
#448=VERTEX_POINT('',#1795);
#449=VERTEX_POINT('',#1863);
#450=VERTEX_POINT('',#1865);
#451=VERTEX_POINT('',#1898);
#452=VERTEX_POINT('',#1902);
#453=VERTEX_POINT('',#1908);
#454=VERTEX_POINT('',#1914);
#455=VERTEX_POINT('',#1918);
#456=VERTEX_POINT('',#2010);
#457=EDGE_CURVE('',#377,#378,#367,.T.);
#458=EDGE_CURVE('',#378,#379,#163,.T.);
#459=EDGE_CURVE('',#380,#379,#368,.T.);
#460=EDGE_CURVE('',#380,#377,#369,.T.);
#461=EDGE_CURVE('',#381,#380,#370,.T.);
#462=EDGE_CURVE('',#382,#381,#164,.T.);
#463=EDGE_CURVE('',#383,#382,#55,.T.);
#464=EDGE_CURVE('',#378,#383,#165,.T.);
#465=EDGE_CURVE('',#384,#385,#166,.T.);
#466=EDGE_CURVE('',#386,#385,#167,.T.);
#467=EDGE_CURVE('',#386,#387,#168,.T.);
#468=EDGE_CURVE('',#384,#387,#169,.T.);
#469=EDGE_CURVE('',#383,#388,#170,.T.);
#470=EDGE_CURVE('',#389,#388,#171,.T.);
#471=EDGE_CURVE('',#390,#389,#172,.T.);
#472=EDGE_CURVE('',#391,#390,#173,.T.);
#473=EDGE_CURVE('',#385,#391,#174,.T.);
#474=EDGE_CURVE('',#379,#384,#175,.T.);
#475=EDGE_CURVE('',#382,#392,#176,.T.);
#476=EDGE_CURVE('',#388,#392,#177,.T.);
#477=EDGE_CURVE('',#386,#391,#178,.T.);
#478=EDGE_CURVE('',#390,#393,#179,.T.);
#479=EDGE_CURVE('',#393,#386,#180,.T.);
#480=EDGE_CURVE('',#394,#389,#181,.T.);
#481=EDGE_CURVE('',#394,#393,#182,.T.);
#482=EDGE_CURVE('',#395,#396,#183,.T.);
#483=EDGE_CURVE('',#397,#395,#56,.T.);
#484=EDGE_CURVE('',#396,#397,#184,.T.);
#485=EDGE_CURVE('',#398,#395,#371,.T.);
#486=EDGE_CURVE('',#399,#398,#185,.T.);
#487=EDGE_CURVE('',#400,#399,#57,.T.);
#488=EDGE_CURVE('',#397,#400,#186,.T.);
#489=EDGE_CURVE('',#401,#396,#187,.T.);
#490=EDGE_CURVE('',#401,#402,#188,.T.);
#491=EDGE_CURVE('',#402,#403,#189,.T.);
#492=EDGE_CURVE('',#403,#398,#190,.T.);
#493=EDGE_CURVE('',#399,#404,#191,.T.);
#494=EDGE_CURVE('',#404,#405,#192,.T.);
#495=EDGE_CURVE('',#406,#405,#193,.T.);
#496=EDGE_CURVE('',#406,#400,#194,.T.);
#497=EDGE_CURVE('',#403,#404,#195,.T.);
#498=EDGE_CURVE('',#407,#405,#196,.T.);
#499=EDGE_CURVE('',#408,#407,#197,.T.);
#500=EDGE_CURVE('',#406,#408,#198,.T.);
#501=EDGE_CURVE('',#394,#402,#199,.T.);
#502=EDGE_CURVE('',#402,#387,#200,.T.);
#503=EDGE_CURVE('',#409,#381,#201,.T.);
#504=EDGE_CURVE('',#392,#409,#202,.T.);
#505=EDGE_CURVE('',#410,#408,#203,.T.);
#506=EDGE_CURVE('',#407,#411,#204,.T.);
#507=EDGE_CURVE('',#411,#410,#58,.T.);
#508=EDGE_CURVE('',#411,#392,#205,.T.);
#509=EDGE_CURVE('',#412,#409,#59,.T.);
#510=EDGE_CURVE('',#410,#412,#206,.T.);
#511=EDGE_CURVE('',#401,#412,#207,.T.);
#512=EDGE_CURVE('',#413,#414,#208,.T.);
#513=EDGE_CURVE('',#415,#413,#209,.T.);
#514=EDGE_CURVE('',#416,#415,#210,.T.);
#515=EDGE_CURVE('',#416,#414,#211,.T.);
#516=EDGE_CURVE('',#414,#417,#212,.T.);
#517=EDGE_CURVE('',#418,#416,#213,.T.);
#518=EDGE_CURVE('',#417,#418,#214,.T.);
#519=EDGE_CURVE('',#419,#413,#215,.T.);
#520=EDGE_CURVE('',#420,#419,#216,.T.);
#521=EDGE_CURVE('',#415,#420,#217,.T.);
#522=EDGE_CURVE('',#417,#421,#218,.T.);
#523=EDGE_CURVE('',#421,#422,#219,.T.);
#524=EDGE_CURVE('',#422,#423,#220,.T.);
#525=EDGE_CURVE('',#424,#423,#221,.T.);
#526=EDGE_CURVE('',#424,#425,#222,.T.);
#527=EDGE_CURVE('',#425,#426,#223,.T.);
#528=EDGE_CURVE('',#427,#426,#224,.T.);
#529=EDGE_CURVE('',#428,#427,#225,.T.);
#530=EDGE_CURVE('',#429,#428,#226,.T.);
#531=EDGE_CURVE('',#429,#430,#227,.T.);
#532=EDGE_CURVE('',#430,#419,#228,.T.);
#533=EDGE_CURVE('',#418,#431,#229,.T.);
#534=EDGE_CURVE('',#432,#431,#230,.T.);
#535=EDGE_CURVE('',#433,#432,#372,.T.);
#536=EDGE_CURVE('',#421,#433,#231,.T.);
#537=EDGE_CURVE('',#434,#435,#373,.T.);
#538=EDGE_CURVE('',#436,#434,#374,.T.);
#539=EDGE_CURVE('',#436,#437,#375,.T.);
#540=EDGE_CURVE('',#435,#437,#232,.T.);
#541=EDGE_CURVE('',#438,#436,#376,.T.);
#542=EDGE_CURVE('',#435,#439,#233,.T.);
#543=EDGE_CURVE('',#439,#440,#60,.T.);
#544=EDGE_CURVE('',#440,#438,#234,.T.);
#545=EDGE_CURVE('',#441,#442,#235,.T.);
#546=EDGE_CURVE('',#441,#443,#236,.T.);
#547=EDGE_CURVE('',#444,#443,#237,.T.);
#548=EDGE_CURVE('',#444,#442,#238,.T.);
#549=EDGE_CURVE('',#437,#441,#239,.T.);
#550=EDGE_CURVE('',#442,#445,#240,.T.);
#551=EDGE_CURVE('',#445,#446,#241,.T.);
#552=EDGE_CURVE('',#446,#428,#242,.T.);
#553=EDGE_CURVE('',#439,#427,#243,.T.);
#554=EDGE_CURVE('',#440,#426,#244,.T.);
#555=EDGE_CURVE('',#444,#445,#245,.T.);
#556=EDGE_CURVE('',#447,#444,#246,.T.);
#557=EDGE_CURVE('',#446,#447,#247,.T.);
#558=EDGE_CURVE('',#429,#447,#248,.T.);
#559=EDGE_CURVE('',#431,#448,#249,.T.);
#560=EDGE_CURVE('',#448,#432,#61,.T.);
#561=EDGE_CURVE('',#448,#449,#250,.T.);
#562=EDGE_CURVE('',#449,#450,#62,.T.);
#563=EDGE_CURVE('',#450,#433,#251,.T.);
#564=EDGE_CURVE('',#451,#430,#252,.T.);
#565=EDGE_CURVE('',#451,#420,#253,.T.);
#566=EDGE_CURVE('',#452,#449,#254,.T.);
#567=EDGE_CURVE('',#452,#423,#255,.T.);
#568=EDGE_CURVE('',#450,#422,#256,.T.);
#569=EDGE_CURVE('',#452,#453,#257,.T.);
#570=EDGE_CURVE('',#453,#424,#258,.T.);
#571=EDGE_CURVE('',#430,#443,#259,.T.);
#572=EDGE_CURVE('',#426,#454,#260,.T.);
#573=EDGE_CURVE('',#454,#438,#261,.T.);
#574=EDGE_CURVE('',#455,#453,#262,.T.);
#575=EDGE_CURVE('',#425,#455,#63,.T.);
#576=EDGE_CURVE('',#455,#456,#263,.T.);
#577=EDGE_CURVE('',#456,#454,#64,.T.);
#578=EDGE_CURVE('',#451,#456,#264,.T.);
#579=ORIENTED_EDGE('',*,*,#457,.T.);
#580=ORIENTED_EDGE('',*,*,#458,.T.);
#581=ORIENTED_EDGE('',*,*,#459,.F.);
#582=ORIENTED_EDGE('',*,*,#460,.T.);
#583=ORIENTED_EDGE('',*,*,#461,.F.);
#584=ORIENTED_EDGE('',*,*,#462,.F.);
#585=ORIENTED_EDGE('',*,*,#463,.F.);
#586=ORIENTED_EDGE('',*,*,#464,.F.);
#587=ORIENTED_EDGE('',*,*,#457,.F.);
#588=ORIENTED_EDGE('',*,*,#460,.F.);
#589=ORIENTED_EDGE('',*,*,#465,.T.);
#590=ORIENTED_EDGE('',*,*,#466,.F.);
#591=ORIENTED_EDGE('',*,*,#467,.T.);
#592=ORIENTED_EDGE('',*,*,#468,.F.);
#593=ORIENTED_EDGE('',*,*,#464,.T.);
#594=ORIENTED_EDGE('',*,*,#469,.T.);
#595=ORIENTED_EDGE('',*,*,#470,.F.);
#596=ORIENTED_EDGE('',*,*,#471,.F.);
#597=ORIENTED_EDGE('',*,*,#472,.F.);
#598=ORIENTED_EDGE('',*,*,#473,.F.);
#599=ORIENTED_EDGE('',*,*,#465,.F.);
#600=ORIENTED_EDGE('',*,*,#474,.F.);
#601=ORIENTED_EDGE('',*,*,#458,.F.);
#602=ORIENTED_EDGE('',*,*,#463,.T.);
#603=ORIENTED_EDGE('',*,*,#475,.T.);
#604=ORIENTED_EDGE('',*,*,#476,.F.);
#605=ORIENTED_EDGE('',*,*,#469,.F.);
#606=ORIENTED_EDGE('',*,*,#473,.T.);
#607=ORIENTED_EDGE('',*,*,#477,.F.);
#608=ORIENTED_EDGE('',*,*,#466,.T.);
#609=ORIENTED_EDGE('',*,*,#472,.T.);
#610=ORIENTED_EDGE('',*,*,#478,.T.);
#611=ORIENTED_EDGE('',*,*,#479,.T.);
#612=ORIENTED_EDGE('',*,*,#477,.T.);
#613=ORIENTED_EDGE('',*,*,#471,.T.);
#614=ORIENTED_EDGE('',*,*,#480,.F.);
#615=ORIENTED_EDGE('',*,*,#481,.T.);
#616=ORIENTED_EDGE('',*,*,#478,.F.);
#617=ORIENTED_EDGE('',*,*,#482,.F.);
#618=ORIENTED_EDGE('',*,*,#483,.F.);
#619=ORIENTED_EDGE('',*,*,#484,.F.);
#620=ORIENTED_EDGE('',*,*,#485,.F.);
#621=ORIENTED_EDGE('',*,*,#486,.F.);
#622=ORIENTED_EDGE('',*,*,#487,.F.);
#623=ORIENTED_EDGE('',*,*,#488,.F.);
#624=ORIENTED_EDGE('',*,*,#483,.T.);
#625=ORIENTED_EDGE('',*,*,#485,.T.);
#626=ORIENTED_EDGE('',*,*,#482,.T.);
#627=ORIENTED_EDGE('',*,*,#489,.F.);
#628=ORIENTED_EDGE('',*,*,#490,.T.);
#629=ORIENTED_EDGE('',*,*,#491,.T.);
#630=ORIENTED_EDGE('',*,*,#492,.T.);
#631=ORIENTED_EDGE('',*,*,#487,.T.);
#632=ORIENTED_EDGE('',*,*,#493,.T.);
#633=ORIENTED_EDGE('',*,*,#494,.T.);
#634=ORIENTED_EDGE('',*,*,#495,.F.);
#635=ORIENTED_EDGE('',*,*,#496,.T.);
#636=ORIENTED_EDGE('',*,*,#486,.T.);
#637=ORIENTED_EDGE('',*,*,#492,.F.);
#638=ORIENTED_EDGE('',*,*,#497,.T.);
#639=ORIENTED_EDGE('',*,*,#493,.F.);
#640=ORIENTED_EDGE('',*,*,#495,.T.);
#641=ORIENTED_EDGE('',*,*,#498,.F.);
#642=ORIENTED_EDGE('',*,*,#499,.F.);
#643=ORIENTED_EDGE('',*,*,#500,.F.);
#644=ORIENTED_EDGE('',*,*,#501,.T.);
#645=ORIENTED_EDGE('',*,*,#502,.T.);
#646=ORIENTED_EDGE('',*,*,#467,.F.);
#647=ORIENTED_EDGE('',*,*,#479,.F.);
#648=ORIENTED_EDGE('',*,*,#481,.F.);
#649=ORIENTED_EDGE('',*,*,#462,.T.);
#650=ORIENTED_EDGE('',*,*,#503,.F.);
#651=ORIENTED_EDGE('',*,*,#504,.F.);
#652=ORIENTED_EDGE('',*,*,#475,.F.);
#653=ORIENTED_EDGE('',*,*,#505,.T.);
#654=ORIENTED_EDGE('',*,*,#499,.T.);
#655=ORIENTED_EDGE('',*,*,#506,.T.);
#656=ORIENTED_EDGE('',*,*,#507,.T.);
#657=ORIENTED_EDGE('',*,*,#476,.T.);
#658=ORIENTED_EDGE('',*,*,#508,.F.);
#659=ORIENTED_EDGE('',*,*,#506,.F.);
#660=ORIENTED_EDGE('',*,*,#498,.T.);
#661=ORIENTED_EDGE('',*,*,#494,.F.);
#662=ORIENTED_EDGE('',*,*,#497,.F.);
#663=ORIENTED_EDGE('',*,*,#491,.F.);
#664=ORIENTED_EDGE('',*,*,#501,.F.);
#665=ORIENTED_EDGE('',*,*,#480,.T.);
#666=ORIENTED_EDGE('',*,*,#470,.T.);
#667=ORIENTED_EDGE('',*,*,#508,.T.);
#668=ORIENTED_EDGE('',*,*,#504,.T.);
#669=ORIENTED_EDGE('',*,*,#509,.F.);
#670=ORIENTED_EDGE('',*,*,#510,.F.);
#671=ORIENTED_EDGE('',*,*,#507,.F.);
#672=ORIENTED_EDGE('',*,*,#488,.T.);
#673=ORIENTED_EDGE('',*,*,#496,.F.);
#674=ORIENTED_EDGE('',*,*,#500,.T.);
#675=ORIENTED_EDGE('',*,*,#505,.F.);
#676=ORIENTED_EDGE('',*,*,#510,.T.);
#677=ORIENTED_EDGE('',*,*,#511,.F.);
#678=ORIENTED_EDGE('',*,*,#489,.T.);
#679=ORIENTED_EDGE('',*,*,#484,.T.);
#680=ORIENTED_EDGE('',*,*,#461,.T.);
#681=ORIENTED_EDGE('',*,*,#459,.T.);
#682=ORIENTED_EDGE('',*,*,#474,.T.);
#683=ORIENTED_EDGE('',*,*,#468,.T.);
#684=ORIENTED_EDGE('',*,*,#502,.F.);
#685=ORIENTED_EDGE('',*,*,#490,.F.);
#686=ORIENTED_EDGE('',*,*,#511,.T.);
#687=ORIENTED_EDGE('',*,*,#509,.T.);
#688=ORIENTED_EDGE('',*,*,#503,.T.);
#689=ORIENTED_EDGE('',*,*,#512,.F.);
#690=ORIENTED_EDGE('',*,*,#513,.F.);
#691=ORIENTED_EDGE('',*,*,#514,.F.);
#692=ORIENTED_EDGE('',*,*,#515,.T.);
#693=ORIENTED_EDGE('',*,*,#516,.F.);
#694=ORIENTED_EDGE('',*,*,#515,.F.);
#695=ORIENTED_EDGE('',*,*,#517,.F.);
#696=ORIENTED_EDGE('',*,*,#518,.F.);
#697=ORIENTED_EDGE('',*,*,#519,.F.);
#698=ORIENTED_EDGE('',*,*,#520,.F.);
#699=ORIENTED_EDGE('',*,*,#521,.F.);
#700=ORIENTED_EDGE('',*,*,#513,.T.);
#701=ORIENTED_EDGE('',*,*,#519,.T.);
#702=ORIENTED_EDGE('',*,*,#512,.T.);
#703=ORIENTED_EDGE('',*,*,#516,.T.);
#704=ORIENTED_EDGE('',*,*,#522,.T.);
#705=ORIENTED_EDGE('',*,*,#523,.T.);
#706=ORIENTED_EDGE('',*,*,#524,.T.);
#707=ORIENTED_EDGE('',*,*,#525,.F.);
#708=ORIENTED_EDGE('',*,*,#526,.T.);
#709=ORIENTED_EDGE('',*,*,#527,.T.);
#710=ORIENTED_EDGE('',*,*,#528,.F.);
#711=ORIENTED_EDGE('',*,*,#529,.F.);
#712=ORIENTED_EDGE('',*,*,#530,.F.);
#713=ORIENTED_EDGE('',*,*,#531,.T.);
#714=ORIENTED_EDGE('',*,*,#532,.T.);
#715=ORIENTED_EDGE('',*,*,#518,.T.);
#716=ORIENTED_EDGE('',*,*,#533,.T.);
#717=ORIENTED_EDGE('',*,*,#534,.F.);
#718=ORIENTED_EDGE('',*,*,#535,.F.);
#719=ORIENTED_EDGE('',*,*,#536,.F.);
#720=ORIENTED_EDGE('',*,*,#522,.F.);
#721=ORIENTED_EDGE('',*,*,#537,.F.);
#722=ORIENTED_EDGE('',*,*,#538,.F.);
#723=ORIENTED_EDGE('',*,*,#539,.T.);
#724=ORIENTED_EDGE('',*,*,#540,.F.);
#725=ORIENTED_EDGE('',*,*,#541,.T.);
#726=ORIENTED_EDGE('',*,*,#538,.T.);
#727=ORIENTED_EDGE('',*,*,#537,.T.);
#728=ORIENTED_EDGE('',*,*,#542,.T.);
#729=ORIENTED_EDGE('',*,*,#543,.T.);
#730=ORIENTED_EDGE('',*,*,#544,.T.);
#731=ORIENTED_EDGE('',*,*,#545,.F.);
#732=ORIENTED_EDGE('',*,*,#546,.T.);
#733=ORIENTED_EDGE('',*,*,#547,.F.);
#734=ORIENTED_EDGE('',*,*,#548,.T.);
#735=ORIENTED_EDGE('',*,*,#542,.F.);
#736=ORIENTED_EDGE('',*,*,#540,.T.);
#737=ORIENTED_EDGE('',*,*,#549,.T.);
#738=ORIENTED_EDGE('',*,*,#545,.T.);
#739=ORIENTED_EDGE('',*,*,#550,.T.);
#740=ORIENTED_EDGE('',*,*,#551,.T.);
#741=ORIENTED_EDGE('',*,*,#552,.T.);
#742=ORIENTED_EDGE('',*,*,#529,.T.);
#743=ORIENTED_EDGE('',*,*,#553,.F.);
#744=ORIENTED_EDGE('',*,*,#543,.F.);
#745=ORIENTED_EDGE('',*,*,#553,.T.);
#746=ORIENTED_EDGE('',*,*,#528,.T.);
#747=ORIENTED_EDGE('',*,*,#554,.F.);
#748=ORIENTED_EDGE('',*,*,#550,.F.);
#749=ORIENTED_EDGE('',*,*,#548,.F.);
#750=ORIENTED_EDGE('',*,*,#555,.T.);
#751=ORIENTED_EDGE('',*,*,#551,.F.);
#752=ORIENTED_EDGE('',*,*,#555,.F.);
#753=ORIENTED_EDGE('',*,*,#556,.F.);
#754=ORIENTED_EDGE('',*,*,#557,.F.);
#755=ORIENTED_EDGE('',*,*,#552,.F.);
#756=ORIENTED_EDGE('',*,*,#557,.T.);
#757=ORIENTED_EDGE('',*,*,#558,.F.);
#758=ORIENTED_EDGE('',*,*,#530,.T.);
#759=ORIENTED_EDGE('',*,*,#534,.T.);
#760=ORIENTED_EDGE('',*,*,#559,.T.);
#761=ORIENTED_EDGE('',*,*,#560,.T.);
#762=ORIENTED_EDGE('',*,*,#535,.T.);
#763=ORIENTED_EDGE('',*,*,#560,.F.);
#764=ORIENTED_EDGE('',*,*,#561,.T.);
#765=ORIENTED_EDGE('',*,*,#562,.T.);
#766=ORIENTED_EDGE('',*,*,#563,.T.);
#767=ORIENTED_EDGE('',*,*,#520,.T.);
#768=ORIENTED_EDGE('',*,*,#532,.F.);
#769=ORIENTED_EDGE('',*,*,#564,.F.);
#770=ORIENTED_EDGE('',*,*,#565,.T.);
#771=ORIENTED_EDGE('',*,*,#562,.F.);
#772=ORIENTED_EDGE('',*,*,#566,.F.);
#773=ORIENTED_EDGE('',*,*,#567,.T.);
#774=ORIENTED_EDGE('',*,*,#524,.F.);
#775=ORIENTED_EDGE('',*,*,#568,.F.);
#776=ORIENTED_EDGE('',*,*,#563,.F.);
#777=ORIENTED_EDGE('',*,*,#568,.T.);
#778=ORIENTED_EDGE('',*,*,#523,.F.);
#779=ORIENTED_EDGE('',*,*,#536,.T.);
#780=ORIENTED_EDGE('',*,*,#567,.F.);
#781=ORIENTED_EDGE('',*,*,#569,.T.);
#782=ORIENTED_EDGE('',*,*,#570,.T.);
#783=ORIENTED_EDGE('',*,*,#525,.T.);
#784=ORIENTED_EDGE('',*,*,#531,.F.);
#785=ORIENTED_EDGE('',*,*,#558,.T.);
#786=ORIENTED_EDGE('',*,*,#556,.T.);
#787=ORIENTED_EDGE('',*,*,#547,.T.);
#788=ORIENTED_EDGE('',*,*,#571,.F.);
#789=ORIENTED_EDGE('',*,*,#544,.F.);
#790=ORIENTED_EDGE('',*,*,#554,.T.);
#791=ORIENTED_EDGE('',*,*,#572,.T.);
#792=ORIENTED_EDGE('',*,*,#573,.T.);
#793=ORIENTED_EDGE('',*,*,#574,.F.);
#794=ORIENTED_EDGE('',*,*,#575,.F.);
#795=ORIENTED_EDGE('',*,*,#526,.F.);
#796=ORIENTED_EDGE('',*,*,#570,.F.);
#797=ORIENTED_EDGE('',*,*,#527,.F.);
#798=ORIENTED_EDGE('',*,*,#575,.T.);
#799=ORIENTED_EDGE('',*,*,#576,.T.);
#800=ORIENTED_EDGE('',*,*,#577,.T.);
#801=ORIENTED_EDGE('',*,*,#572,.F.);
#802=ORIENTED_EDGE('',*,*,#521,.T.);
#803=ORIENTED_EDGE('',*,*,#565,.F.);
#804=ORIENTED_EDGE('',*,*,#578,.T.);
#805=ORIENTED_EDGE('',*,*,#576,.F.);
#806=ORIENTED_EDGE('',*,*,#574,.T.);
#807=ORIENTED_EDGE('',*,*,#569,.F.);
#808=ORIENTED_EDGE('',*,*,#566,.T.);
#809=ORIENTED_EDGE('',*,*,#561,.F.);
#810=ORIENTED_EDGE('',*,*,#559,.F.);
#811=ORIENTED_EDGE('',*,*,#533,.F.);
#812=ORIENTED_EDGE('',*,*,#517,.T.);
#813=ORIENTED_EDGE('',*,*,#514,.T.);
#814=ORIENTED_EDGE('',*,*,#541,.F.);
#815=ORIENTED_EDGE('',*,*,#573,.F.);
#816=ORIENTED_EDGE('',*,*,#577,.F.);
#817=ORIENTED_EDGE('',*,*,#578,.F.);
#818=ORIENTED_EDGE('',*,*,#564,.T.);
#819=ORIENTED_EDGE('',*,*,#571,.T.);
#820=ORIENTED_EDGE('',*,*,#546,.F.);
#821=ORIENTED_EDGE('',*,*,#549,.F.);
#822=ORIENTED_EDGE('',*,*,#539,.F.);
#823=B_SPLINE_SURFACE_WITH_KNOTS('',3,1,((#1105,#1106),(#1107,#1108),(#1109,
#1110),(#1111,#1112),(#1113,#1114),(#1115,#1116),(#1117,#1118),(#1119,#1120)),
 .UNSPECIFIED.,.F.,.F.,.F.,(4,2,2,4),(2,2),(0.236300875397243,0.294945176357742,
0.48308040828324,0.591876944978906),(0.,0.2),.UNSPECIFIED.);
#824=B_SPLINE_SURFACE_WITH_KNOTS('',3,1,((#1625,#1626),(#1627,#1628),(#1629,
#1630),(#1631,#1632),(#1633,#1634),(#1635,#1636),(#1637,#1638),(#1639,#1640)),
 .UNSPECIFIED.,.F.,.F.,.F.,(4,2,2,4),(2,2),(0.236300875397243,0.294945176357742,
0.48308040828324,0.591876944978906),(0.,0.2),.UNSPECIFIED.);
#825=ADVANCED_FACE('',(#71),#823,.T.);
#826=ADVANCED_FACE('',(#72),#65,.F.);
#827=ADVANCED_FACE('',(#73),#17,.T.);
#828=ADVANCED_FACE('',(#74),#18,.T.);
#829=ADVANCED_FACE('',(#75),#19,.T.);
#830=ADVANCED_FACE('',(#76),#20,.T.);
#831=ADVANCED_FACE('',(#77),#21,.T.);
#832=ADVANCED_FACE('',(#78),#22,.T.);
#833=ADVANCED_FACE('',(#79),#23,.T.);
#834=ADVANCED_FACE('',(#80),#66,.F.);
#835=ADVANCED_FACE('',(#81),#24,.T.);
#836=ADVANCED_FACE('',(#82),#25,.T.);
#837=ADVANCED_FACE('',(#83),#26,.T.);
#838=ADVANCED_FACE('',(#84),#27,.T.);
#839=ADVANCED_FACE('',(#85),#28,.T.);
#840=ADVANCED_FACE('',(#86),#29,.T.);
#841=ADVANCED_FACE('',(#87),#30,.F.);
#842=ADVANCED_FACE('',(#88),#31,.T.);
#843=ADVANCED_FACE('',(#89),#67,.T.);
#844=ADVANCED_FACE('',(#90),#32,.T.);
#845=ADVANCED_FACE('',(#91),#33,.T.);
#846=ADVANCED_FACE('',(#92),#34,.F.);
#847=ADVANCED_FACE('',(#93),#35,.F.);
#848=ADVANCED_FACE('',(#94),#36,.F.);
#849=ADVANCED_FACE('',(#95),#37,.F.);
#850=ADVANCED_FACE('',(#96),#38,.F.);
#851=ADVANCED_FACE('',(#97),#824,.F.);
#852=ADVANCED_FACE('',(#98),#68,.T.);
#853=ADVANCED_FACE('',(#99),#39,.F.);
#854=ADVANCED_FACE('',(#100),#40,.F.);
#855=ADVANCED_FACE('',(#101),#41,.F.);
#856=ADVANCED_FACE('',(#102),#42,.F.);
#857=ADVANCED_FACE('',(#103),#43,.F.);
#858=ADVANCED_FACE('',(#104),#44,.F.);
#859=ADVANCED_FACE('',(#105),#45,.F.);
#860=ADVANCED_FACE('',(#106),#69,.T.);
#861=ADVANCED_FACE('',(#107),#46,.F.);
#862=ADVANCED_FACE('',(#108),#47,.F.);
#863=ADVANCED_FACE('',(#109),#48,.F.);
#864=ADVANCED_FACE('',(#110),#49,.F.);
#865=ADVANCED_FACE('',(#111),#50,.F.);
#866=ADVANCED_FACE('',(#112),#51,.F.);
#867=ADVANCED_FACE('',(#113),#52,.T.);
#868=ADVANCED_FACE('',(#114),#70,.F.);
#869=ADVANCED_FACE('',(#115),#53,.F.);
#870=ADVANCED_FACE('',(#116),#54,.F.);
#871=CLOSED_SHELL('',(#825,#826,#827,#828,#829,#830,#831,#832,#833,#834,
#835,#836,#837,#838,#839,#840,#841,#842,#843,#844,#845));
#872=CLOSED_SHELL('',(#846,#847,#848,#849,#850,#851,#852,#853,#854,#855,
#856,#857,#858,#859,#860,#861,#862,#863,#864,#865,#866,#867,#868,#869,#870));
#873=DERIVED_UNIT_ELEMENT(#875,1.);
#874=DERIVED_UNIT_ELEMENT(#2050,-3.);
#875=(
MASS_UNIT()
NAMED_UNIT(*)
SI_UNIT(.KILO.,.GRAM.)
);
#876=DERIVED_UNIT((#873,#874));
#877=MEASURE_REPRESENTATION_ITEM('density measure',
POSITIVE_RATIO_MEASURE(7850.),#876);
#878=PROPERTY_DEFINITION_REPRESENTATION(#883,#880);
#879=PROPERTY_DEFINITION_REPRESENTATION(#884,#881);
#880=REPRESENTATION('material name',(#882),#2047);
#881=REPRESENTATION('density',(#877),#2047);
#882=DESCRIPTIVE_REPRESENTATION_ITEM('Steel','Steel');
#883=PROPERTY_DEFINITION('material property','material name',#2057);
#884=PROPERTY_DEFINITION('material property','density of part',#2057);
#885=AXIS2_PLACEMENT_3D('',#1104,#924,#925);
#886=AXIS2_PLACEMENT_3D('',#1247,#929,#930);
#887=AXIS2_PLACEMENT_3D('',#1256,#935,#936);
#888=AXIS2_PLACEMENT_3D('',#1267,#943,#944);
#889=AXIS2_PLACEMENT_3D('',#1271,#947,#948);
#890=AXIS2_PLACEMENT_3D('',#1273,#950,#951);
#891=AXIS2_PLACEMENT_3D('',#1277,#954,#955);
#892=AXIS2_PLACEMENT_3D('',#1281,#958,#959);
#893=AXIS2_PLACEMENT_3D('',#1400,#964,#965);
#894=AXIS2_PLACEMENT_3D('',#1408,#970,#971);
#895=AXIS2_PLACEMENT_3D('',#1416,#976,#977);
#896=AXIS2_PLACEMENT_3D('',#1418,#979,#980);
#897=AXIS2_PLACEMENT_3D('',#1424,#984,#985);
#898=AXIS2_PLACEMENT_3D('',#1427,#988,#989);
#899=AXIS2_PLACEMENT_3D('',#1431,#992,#993);
#900=AXIS2_PLACEMENT_3D('',#1466,#996,#997);
#901=AXIS2_PLACEMENT_3D('',#1560,#1000,#1001);
#902=AXIS2_PLACEMENT_3D('',#1562,#1003,#1004);
#903=AXIS2_PLACEMENT_3D('',#1563,#1005,#1006);
#904=AXIS2_PLACEMENT_3D('',#1572,#1011,#1012);
#905=AXIS2_PLACEMENT_3D('',#1578,#1016,#1017);
#906=AXIS2_PLACEMENT_3D('',#1584,#1021,#1022);
#907=AXIS2_PLACEMENT_3D('',#1606,#1034,#1035);
#908=AXIS2_PLACEMENT_3D('',#1767,#1042,#1043);
#909=AXIS2_PLACEMENT_3D('',#1776,#1048,#1049);
#910=AXIS2_PLACEMENT_3D('',#1784,#1055,#1056);
#911=AXIS2_PLACEMENT_3D('',#1786,#1058,#1059);
#912=AXIS2_PLACEMENT_3D('',#1788,#1061,#1062);
#913=AXIS2_PLACEMENT_3D('',#1792,#1065,#1066);
#914=AXIS2_PLACEMENT_3D('',#1794,#1068,#1069);
#915=AXIS2_PLACEMENT_3D('',#1897,#1073,#1074);
#916=AXIS2_PLACEMENT_3D('',#1901,#1077,#1078);
#917=AXIS2_PLACEMENT_3D('',#1906,#1082,#1083);
#918=AXIS2_PLACEMENT_3D('',#1907,#1084,#1085);
#919=AXIS2_PLACEMENT_3D('',#1911,#1088,#1089);
#920=AXIS2_PLACEMENT_3D('',#1913,#1091,#1092);
#921=AXIS2_PLACEMENT_3D('',#1917,#1095,#1096);
#922=AXIS2_PLACEMENT_3D('',#2042,#1099,#1100);
#923=AXIS2_PLACEMENT_3D('',#2044,#1102,#1103);
#924=DIRECTION('axis',(0.,0.,1.));
#925=DIRECTION('refdir',(1.,0.,0.));
#926=DIRECTION('',(0.,1.,0.));
#927=DIRECTION('',(0.,1.,0.));
#928=DIRECTION('',(0.,-1.,0.));
#929=DIRECTION('center_axis',(-0.812480222392769,0.,0.582988754797721));
#930=DIRECTION('ref_axis',(-0.582988754797721,0.,-0.812480222392769));
#931=DIRECTION('',(0.,-1.,0.));
#932=DIRECTION('',(-0.582988754797721,0.,-0.812480222392769));
#933=DIRECTION('',(0.,1.,0.));
#934=DIRECTION('',(0.582988754797721,0.,0.812480222392769));
#935=DIRECTION('center_axis',(0.,0.,1.));
#936=DIRECTION('ref_axis',(1.,0.,0.));
#937=DIRECTION('',(1.,0.,0.));
#938=DIRECTION('',(0.,-1.,0.));
#939=DIRECTION('',(1.,0.,0.));
#940=DIRECTION('',(0.,-1.,0.));
#941=DIRECTION('',(1.,0.,0.));
#942=DIRECTION('',(1.,0.,0.));
#943=DIRECTION('center_axis',(0.,-1.,0.));
#944=DIRECTION('ref_axis',(1.,0.,0.));
#945=DIRECTION('',(1.,0.,0.));
#946=DIRECTION('',(0.,0.,-1.));
#947=DIRECTION('center_axis',(0.,-1.,0.));
#948=DIRECTION('ref_axis',(0.,0.,-1.));
#949=DIRECTION('',(0.,0.,-1.));
#950=DIRECTION('center_axis',(-1.,0.,0.));
#951=DIRECTION('ref_axis',(0.,0.,1.));
#952=DIRECTION('',(0.,0.,1.));
#953=DIRECTION('',(0.,1.,0.));
#954=DIRECTION('center_axis',(0.,-1.,0.));
#955=DIRECTION('ref_axis',(0.,0.,1.));
#956=DIRECTION('',(0.,0.,-1.));
#957=DIRECTION('',(-1.,0.,0.));
#958=DIRECTION('center_axis',(0.,-1.,0.));
#959=DIRECTION('ref_axis',(1.,0.,0.));
#960=DIRECTION('',(1.,0.,0.));
#961=DIRECTION('',(0.,0.,-1.));
#962=DIRECTION('',(0.,1.,0.));
#963=DIRECTION('',(0.,-1.,0.));
#964=DIRECTION('center_axis',(0.,0.537406920333318,0.843323070938925));
#965=DIRECTION('ref_axis',(0.,-0.843323070938925,0.537406920333318));
#966=DIRECTION('',(0.,-0.843323070938925,0.537406920333318));
#967=DIRECTION('',(-1.,0.,0.));
#968=DIRECTION('',(0.,-0.843323070938925,0.537406920333318));
#969=DIRECTION('',(1.,0.,0.));
#970=DIRECTION('center_axis',(0.,-1.,0.));
#971=DIRECTION('ref_axis',(0.,0.,-1.));
#972=DIRECTION('',(-1.,0.,0.));
#973=DIRECTION('',(0.,0.,-1.));
#974=DIRECTION('',(-1.,0.,0.));
#975=DIRECTION('',(0.,0.,1.));
#976=DIRECTION('center_axis',(0.,0.,1.));
#977=DIRECTION('ref_axis',(-1.,0.,0.));
#978=DIRECTION('',(0.,-1.,0.));
#979=DIRECTION('center_axis',(0.,0.,1.));
#980=DIRECTION('ref_axis',(1.,0.,0.));
#981=DIRECTION('',(0.,1.,0.));
#982=DIRECTION('',(-1.,0.,0.));
#983=DIRECTION('',(0.,-1.,0.));
#984=DIRECTION('center_axis',(0.,0.,1.));
#985=DIRECTION('ref_axis',(1.,0.,0.));
#986=DIRECTION('',(0.,1.,0.));
#987=DIRECTION('',(-1.,0.,0.));
#988=DIRECTION('center_axis',(0.,0.,-1.));
#989=DIRECTION('ref_axis',(0.,-1.,0.));
#990=DIRECTION('',(-1.,0.,0.));
#991=DIRECTION('',(0.,1.,0.));
#992=DIRECTION('center_axis',(0.,1.,0.));
#993=DIRECTION('ref_axis',(1.,0.,0.));
#994=DIRECTION('',(0.,0.,1.));
#995=DIRECTION('',(0.,0.,-1.));
#996=DIRECTION('center_axis',(-1.,0.,0.));
#997=DIRECTION('ref_axis',(0.,0.,1.));
#998=DIRECTION('',(0.,1.,0.));
#999=DIRECTION('',(0.,1.,0.));
#1000=DIRECTION('center_axis',(1.,0.,0.));
#1001=DIRECTION('ref_axis',(0.,0.,-1.));
#1002=DIRECTION('',(0.,0.,-1.));
#1003=DIRECTION('center_axis',(0.,1.,0.));
#1004=DIRECTION('ref_axis',(1.,0.,0.));
#1005=DIRECTION('center_axis',(0.,0.,-1.));
#1006=DIRECTION('ref_axis',(0.,1.,0.));
#1007=DIRECTION('',(0.,-1.,0.));
#1008=DIRECTION('',(1.,0.,0.));
#1009=DIRECTION('',(0.,1.,0.));
#1010=DIRECTION('',(1.,0.,0.));
#1011=DIRECTION('center_axis',(0.,-1.,0.));
#1012=DIRECTION('ref_axis',(0.,0.,-1.));
#1013=DIRECTION('',(0.,0.,1.));
#1014=DIRECTION('',(0.,0.,-1.));
#1015=DIRECTION('',(-1.,0.,0.));
#1016=DIRECTION('center_axis',(0.,1.,0.));
#1017=DIRECTION('ref_axis',(0.,0.,1.));
#1018=DIRECTION('',(0.,0.,-1.));
#1019=DIRECTION('',(1.,0.,0.));
#1020=DIRECTION('',(0.,0.,1.));
#1021=DIRECTION('center_axis',(-1.,0.,0.));
#1022=DIRECTION('ref_axis',(0.,0.,1.));
#1023=DIRECTION('',(0.,-0.843323070938925,0.537406920333318));
#1024=DIRECTION('',(0.,-1.,0.));
#1025=DIRECTION('',(0.,0.,-1.));
#1026=DIRECTION('',(0.,1.,0.));
#1027=DIRECTION('',(0.,0.,-1.));
#1028=DIRECTION('',(0.,1.,0.));
#1029=DIRECTION('',(0.,0.,-1.));
#1030=DIRECTION('',(0.,-1.,0.));
#1031=DIRECTION('',(0.,0.,-1.));
#1032=DIRECTION('',(0.,1.,0.));
#1033=DIRECTION('',(0.,-0.843323070938925,0.537406920333318));
#1034=DIRECTION('center_axis',(0.,-0.537406920333318,-0.843323070938925));
#1035=DIRECTION('ref_axis',(0.,-0.843323070938925,0.537406920333318));
#1036=DIRECTION('',(0.,-0.843323070938925,0.537406920333318));
#1037=DIRECTION('',(-1.,0.,0.));
#1038=DIRECTION('',(-1.,0.,0.));
#1039=DIRECTION('',(0.,1.,0.));
#1040=DIRECTION('',(0.,-1.,0.));
#1041=DIRECTION('',(0.,1.,0.));
#1042=DIRECTION('center_axis',(-0.812480222392769,0.,-0.582988754797721));
#1043=DIRECTION('ref_axis',(0.582988754797721,0.,-0.812480222392769));
#1044=DIRECTION('',(0.,-1.,0.));
#1045=DIRECTION('',(-0.582988754797721,0.,0.812480222392769));
#1046=DIRECTION('',(0.,1.,0.));
#1047=DIRECTION('',(0.582988754797721,0.,-0.812480222392769));
#1048=DIRECTION('center_axis',(0.,0.,-1.));
#1049=DIRECTION('ref_axis',(-1.,0.,0.));
#1050=DIRECTION('',(-1.,0.,0.));
#1051=DIRECTION('',(-1.,0.,0.));
#1052=DIRECTION('',(0.,-1.,0.));
#1053=DIRECTION('',(-1.,0.,0.));
#1054=DIRECTION('',(-1.,0.,0.));
#1055=DIRECTION('center_axis',(0.,1.,0.));
#1056=DIRECTION('ref_axis',(-1.,0.,0.));
#1057=DIRECTION('',(-1.,0.,0.));
#1058=DIRECTION('center_axis',(0.,1.,0.));
#1059=DIRECTION('ref_axis',(0.,0.,-1.));
#1060=DIRECTION('',(0.,0.,-1.));
#1061=DIRECTION('center_axis',(-1.,0.,0.));
#1062=DIRECTION('ref_axis',(0.,0.,1.));
#1063=DIRECTION('',(0.,1.,0.));
#1064=DIRECTION('',(0.,0.,1.));
#1065=DIRECTION('center_axis',(0.,1.,0.));
#1066=DIRECTION('ref_axis',(0.,0.,1.));
#1067=DIRECTION('',(1.,0.,0.));
#1068=DIRECTION('center_axis',(0.,1.,0.));
#1069=DIRECTION('ref_axis',(-1.,0.,0.));
#1070=DIRECTION('',(0.,0.,-1.));
#1071=DIRECTION('',(0.,-1.,0.));
#1072=DIRECTION('',(0.,1.,0.));
#1073=DIRECTION('center_axis',(0.,-0.537406920333318,-0.843323070938925));
#1074=DIRECTION('ref_axis',(0.,-0.843323070938925,0.537406920333318));
#1075=DIRECTION('',(1.,0.,0.));
#1076=DIRECTION('',(0.,-0.843323070938925,0.537406920333318));
#1077=DIRECTION('center_axis',(0.,1.,0.));
#1078=DIRECTION('ref_axis',(0.,0.,-1.));
#1079=DIRECTION('',(0.,0.,1.));
#1080=DIRECTION('',(1.,0.,0.));
#1081=DIRECTION('',(1.,0.,0.));
#1082=DIRECTION('center_axis',(0.,0.,-1.));
#1083=DIRECTION('ref_axis',(1.,0.,0.));
#1084=DIRECTION('center_axis',(0.,0.,-1.));
#1085=DIRECTION('ref_axis',(-1.,0.,0.));
#1086=DIRECTION('',(0.,-1.,0.));
#1087=DIRECTION('',(1.,0.,0.));
#1088=DIRECTION('center_axis',(0.,0.,-1.));
#1089=DIRECTION('ref_axis',(-1.,0.,0.));
#1090=DIRECTION('',(1.,0.,0.));
#1091=DIRECTION('center_axis',(0.,0.,1.));
#1092=DIRECTION('ref_axis',(0.,-1.,0.));
#1093=DIRECTION('',(0.,1.,0.));
#1094=DIRECTION('',(1.,0.,0.));
#1095=DIRECTION('center_axis',(0.,-1.,0.));
#1096=DIRECTION('ref_axis',(-1.,0.,0.));
#1097=DIRECTION('',(0.,0.,1.));
#1098=DIRECTION('',(0.,1.,0.));
#1099=DIRECTION('center_axis',(1.,0.,0.));
#1100=DIRECTION('ref_axis',(0.,0.,-1.));
#1101=DIRECTION('',(0.,0.,-1.));
#1102=DIRECTION('center_axis',(0.,-1.,0.));
#1103=DIRECTION('ref_axis',(-1.,0.,0.));
#1104=CARTESIAN_POINT('',(0.,0.,0.));
#1105=CARTESIAN_POINT('Ctrl Pts',(0.606583709744692,22.9999994859099,0.845363248154243));
#1106=CARTESIAN_POINT('Ctrl Pts',(0.606583709744692,24.9999994859099,0.845363248154243));
#1107=CARTESIAN_POINT('Ctrl Pts',(0.528616664591774,22.9999994859099,0.931838486370267));
#1108=CARTESIAN_POINT('Ctrl Pts',(0.528616664591774,24.9999994859099,0.931838486370267));
#1109=CARTESIAN_POINT('Ctrl Pts',(0.461274219060618,22.9999994859099,1.01317154362312));
#1110=CARTESIAN_POINT('Ctrl Pts',(0.461274219060618,24.9999994859099,1.01317154362312));
#1111=CARTESIAN_POINT('Ctrl Pts',(0.250252196590639,22.9999994859099,1.28267628603728));
#1112=CARTESIAN_POINT('Ctrl Pts',(0.250252196590639,24.9999994859099,1.28267628603728));
#1113=CARTESIAN_POINT('Ctrl Pts',(0.187168257384103,22.9999994859099,1.40889700655404));
#1114=CARTESIAN_POINT('Ctrl Pts',(0.187168257384103,24.9999994859099,1.40889700655404));
#1115=CARTESIAN_POINT('Ctrl Pts',(0.125097875243052,22.9999994859099,1.58824427727563));
#1116=CARTESIAN_POINT('Ctrl Pts',(0.125097875243052,24.9999994859099,1.58824427727563));
#1117=CARTESIAN_POINT('Ctrl Pts',(0.0853085214317753,22.9999994859099,1.72170235647944));
#1118=CARTESIAN_POINT('Ctrl Pts',(0.0853085214317753,24.9999994859099,1.72170235647944));
#1119=CARTESIAN_POINT('Ctrl Pts',(0.0461105698865294,22.9999994859099,2.));
#1120=CARTESIAN_POINT('Ctrl Pts',(0.0461105698865294,24.9999994859099,2.));
#1121=CARTESIAN_POINT('',(0.606583709744692,23.,0.845363248154243));
#1122=CARTESIAN_POINT('',(0.0461105698865294,22.9999994859099,2.));
#1123=CARTESIAN_POINT('Ctrl Pts',(0.606583709744692,22.9999994859099,0.845363248154243));
#1124=CARTESIAN_POINT('Ctrl Pts',(0.528616664591774,22.9999994859099,0.931838486370267));
#1125=CARTESIAN_POINT('Ctrl Pts',(0.461274219060618,22.9999994859099,1.01317154362312));
#1126=CARTESIAN_POINT('Ctrl Pts',(0.250252196590639,22.9999994859099,1.28267628603728));
#1127=CARTESIAN_POINT('Ctrl Pts',(0.187168257384103,22.9999994859099,1.40889700655404));
#1128=CARTESIAN_POINT('Ctrl Pts',(0.125097875243052,22.9999994859099,1.58824427727563));
#1129=CARTESIAN_POINT('Ctrl Pts',(0.0853085214317753,22.9999994859099,1.72170235647944));
#1130=CARTESIAN_POINT('Ctrl Pts',(0.0461105698865294,22.9999994859099,2.));
#1131=CARTESIAN_POINT('',(0.0461105698865294,24.9999994859099,2.));
#1132=CARTESIAN_POINT('',(0.0461105698865294,22.9999994859099,2.));
#1133=CARTESIAN_POINT('',(0.606583709744692,25.,0.845363248154243));
#1134=CARTESIAN_POINT('Ctrl Pts',(0.606583709744692,24.9999994859099,0.845363248154243));
#1135=CARTESIAN_POINT('Ctrl Pts',(0.528616664591774,24.9999994859099,0.931838486370267));
#1136=CARTESIAN_POINT('Ctrl Pts',(0.461274219060618,24.9999994859099,1.01317154362312));
#1137=CARTESIAN_POINT('Ctrl Pts',(0.250252196590639,24.9999994859099,1.28267628603728));
#1138=CARTESIAN_POINT('Ctrl Pts',(0.187168257384103,24.9999994859099,1.40889700655404));
#1139=CARTESIAN_POINT('Ctrl Pts',(0.125097875243052,24.9999994859099,1.58824427727563));
#1140=CARTESIAN_POINT('Ctrl Pts',(0.0853085214317753,24.9999994859099,1.72170235647944));
#1141=CARTESIAN_POINT('Ctrl Pts',(0.0461105698865294,24.9999994859099,2.));
#1142=CARTESIAN_POINT('Ctrl Pts',(0.606583709744692,25.,0.845363248154243));
#1143=CARTESIAN_POINT('Ctrl Pts',(0.606583709744692,24.3333333333333,0.845363248154243));
#1144=CARTESIAN_POINT('Ctrl Pts',(0.606583709744692,23.6666666666667,0.845363248154243));
#1145=CARTESIAN_POINT('Ctrl Pts',(0.606583709744692,23.,0.845363248154243));
#1146=CARTESIAN_POINT('Ctrl Pts',(0.0461105698865294,-0.150000007124618,
2.));
#1147=CARTESIAN_POINT('Ctrl Pts',(0.0461105698865294,28.3499999928754,2.));
#1148=CARTESIAN_POINT('Ctrl Pts',(0.0494190430495103,-0.150000007124618,
1.97651049994677));
#1149=CARTESIAN_POINT('Ctrl Pts',(0.0494190430495103,28.3499999928754,1.97651049994677));
#1150=CARTESIAN_POINT('Ctrl Pts',(0.0561633487671079,-0.150000007124618,
1.93039852920263));
#1151=CARTESIAN_POINT('Ctrl Pts',(0.0561633487671079,28.3499999928754,1.93039852920263));
#1152=CARTESIAN_POINT('Ctrl Pts',(0.0666617477012079,-0.150000007124618,
1.86383186102323));
#1153=CARTESIAN_POINT('Ctrl Pts',(0.0666617477012079,28.3499999928754,1.86383186102323));
#1154=CARTESIAN_POINT('Ctrl Pts',(0.0814266760370292,-0.150000007124618,
1.78029072606718));
#1155=CARTESIAN_POINT('Ctrl Pts',(0.0814266760370292,28.3499999928754,1.78029072606718));
#1156=CARTESIAN_POINT('Ctrl Pts',(0.101394651921612,-0.150000007124618,
1.68432422427447));
#1157=CARTESIAN_POINT('Ctrl Pts',(0.101394651921612,28.3499999928754,1.68432422427447));
#1158=CARTESIAN_POINT('Ctrl Pts',(0.123578222795584,-0.150000007124618,
1.59595194966619));
#1159=CARTESIAN_POINT('Ctrl Pts',(0.123578222795584,28.3499999928754,1.59595194966619));
#1160=CARTESIAN_POINT('Ctrl Pts',(0.149335272465835,-0.150000007124618,
1.51338577708929));
#1161=CARTESIAN_POINT('Ctrl Pts',(0.149335272465835,28.3499999928754,1.51338577708929));
#1162=CARTESIAN_POINT('Ctrl Pts',(0.18101419312399,-0.150000007124618,1.43340021262516));
#1163=CARTESIAN_POINT('Ctrl Pts',(0.18101419312399,28.3499999928754,1.43340021262516));
#1164=CARTESIAN_POINT('Ctrl Pts',(0.221811836018635,-0.150000007124618,
1.35151683550942));
#1165=CARTESIAN_POINT('Ctrl Pts',(0.221811836018635,28.3499999928754,1.35151683550942));
#1166=CARTESIAN_POINT('Ctrl Pts',(0.274901581941644,-0.150000007124618,
1.26325903778002));
#1167=CARTESIAN_POINT('Ctrl Pts',(0.274901581941644,28.3499999928754,1.26325903778002));
#1168=CARTESIAN_POINT('Ctrl Pts',(0.342694407800668,-0.150000007124618,
1.165204721376));
#1169=CARTESIAN_POINT('Ctrl Pts',(0.342694407800668,28.3499999928754,1.165204721376));
#1170=CARTESIAN_POINT('Ctrl Pts',(0.426112796316152,-0.150000007124618,
1.05602199751305));
#1171=CARTESIAN_POINT('Ctrl Pts',(0.426112796316152,28.3499999928754,1.05602199751305));
#1172=CARTESIAN_POINT('Ctrl Pts',(0.523639540150297,-0.150000007124618,
0.937815547717209));
#1173=CARTESIAN_POINT('Ctrl Pts',(0.523639540150297,28.3499999928754,0.937815547717209));
#1174=CARTESIAN_POINT('Ctrl Pts',(0.631894055074291,-0.150000007124618,
0.81532530303068));
#1175=CARTESIAN_POINT('Ctrl Pts',(0.631894055074291,28.3499999928754,0.81532530303068));
#1176=CARTESIAN_POINT('Ctrl Pts',(0.746585402419887,-0.150000007124618,
0.694592412477152));
#1177=CARTESIAN_POINT('Ctrl Pts',(0.746585402419887,28.3499999928754,0.694592412477152));
#1178=CARTESIAN_POINT('Ctrl Pts',(0.863343092705283,-0.150000007124618,
0.581793730433378));
#1179=CARTESIAN_POINT('Ctrl Pts',(0.863343092705283,28.3499999928754,0.581793730433378));
#1180=CARTESIAN_POINT('Ctrl Pts',(0.978540413319679,-0.150000007124618,
0.482083468266718));
#1181=CARTESIAN_POINT('Ctrl Pts',(0.978540413319679,28.3499999928754,0.482083468266718));
#1182=CARTESIAN_POINT('Ctrl Pts',(1.0902485796129,-0.150000007124618,0.398247839600438));
#1183=CARTESIAN_POINT('Ctrl Pts',(1.0902485796129,28.3499999928754,0.398247839600438));
#1184=CARTESIAN_POINT('Ctrl Pts',(1.19876054788808,-0.150000007124618,0.329960780701274));
#1185=CARTESIAN_POINT('Ctrl Pts',(1.19876054788808,28.3499999928754,0.329960780701274));
#1186=CARTESIAN_POINT('Ctrl Pts',(1.30578276251506,-0.150000007124618,0.274908301558273));
#1187=CARTESIAN_POINT('Ctrl Pts',(1.30578276251506,28.3499999928754,0.274908301558273));
#1188=CARTESIAN_POINT('Ctrl Pts',(1.41386533455206,-0.150000007124618,0.229573169012798));
#1189=CARTESIAN_POINT('Ctrl Pts',(1.41386533455206,28.3499999928754,0.229573169012798));
#1190=CARTESIAN_POINT('Ctrl Pts',(1.52577557640743,-0.150000007124618,0.19009805013891));
#1191=CARTESIAN_POINT('Ctrl Pts',(1.52577557640743,28.3499999928754,0.19009805013891));
#1192=CARTESIAN_POINT('Ctrl Pts',(1.64383917367691,-0.150000007124618,0.153184102347408));
#1193=CARTESIAN_POINT('Ctrl Pts',(1.64383917367691,28.3499999928754,0.153184102347408));
#1194=CARTESIAN_POINT('Ctrl Pts',(1.76948060725386,-0.150000007124618,0.116723934377222));
#1195=CARTESIAN_POINT('Ctrl Pts',(1.76948060725386,28.3499999928754,0.116723934377222));
#1196=CARTESIAN_POINT('Ctrl Pts',(1.90350735041932,-0.150000007124618,0.0794473546017642));
#1197=CARTESIAN_POINT('Ctrl Pts',(1.90350735041932,28.3499999928754,0.0794473546017642));
#1198=CARTESIAN_POINT('Ctrl Pts',(2.01770986049909,-0.150000007124618,0.0484820865757049));
#1199=CARTESIAN_POINT('Ctrl Pts',(2.01770986049909,28.3499999928754,0.0484820865757049));
#1200=CARTESIAN_POINT('Ctrl Pts',(2.10731979279048,-0.150000007124618,0.0245251813288626));
#1201=CARTESIAN_POINT('Ctrl Pts',(2.10731979279048,28.3499999928754,0.0245251813288626));
#1202=CARTESIAN_POINT('Ctrl Pts',(2.16881415757846,-0.150000007124618,0.00822918808217896));
#1203=CARTESIAN_POINT('Ctrl Pts',(2.16881415757846,28.3499999928754,0.00822918808217896));
#1204=CARTESIAN_POINT('Ctrl Pts',(2.19999995082617,-0.150000007124618,0.));
#1205=CARTESIAN_POINT('Ctrl Pts',(2.19999995082617,28.3499999928754,0.));
#1206=CARTESIAN_POINT('',(2.19999995082617,25.,0.));
#1207=CARTESIAN_POINT('Ctrl Pts',(2.19999995082617,25.,0.));
#1208=CARTESIAN_POINT('Ctrl Pts',(1.50986908035934,25.,0.182109099783998));
#1209=CARTESIAN_POINT('Ctrl Pts',(1.29884861203115,25.,0.258064862702433));
#1210=CARTESIAN_POINT('Ctrl Pts',(0.909071459192594,25.,0.526213065558176));
#1211=CARTESIAN_POINT('Ctrl Pts',(0.738528345553672,25.,0.699020087521059));
#1212=CARTESIAN_POINT('Ctrl Pts',(0.606583709744692,25.,0.845363248154243));
#1213=CARTESIAN_POINT('',(2.19999995082617,-0.150000007124618,0.));
#1214=CARTESIAN_POINT('',(2.19999995082617,-0.150000007124618,0.));
#1215=CARTESIAN_POINT('',(0.0461105698865294,-0.150000007124618,2.));
#1216=CARTESIAN_POINT('Ctrl Pts',(0.0461105698865294,-0.150000007124618,
2.));
#1217=CARTESIAN_POINT('Ctrl Pts',(0.0494190430495103,-0.150000007124618,
1.97651049994677));
#1218=CARTESIAN_POINT('Ctrl Pts',(0.0561633487671079,-0.150000007124618,
1.93039852920263));
#1219=CARTESIAN_POINT('Ctrl Pts',(0.0666617477012079,-0.150000007124618,
1.86383186102323));
#1220=CARTESIAN_POINT('Ctrl Pts',(0.0814266760370292,-0.150000007124618,
1.78029072606718));
#1221=CARTESIAN_POINT('Ctrl Pts',(0.101394651921612,-0.150000007124618,
1.68432422427447));
#1222=CARTESIAN_POINT('Ctrl Pts',(0.123578222795584,-0.150000007124618,
1.59595194966619));
#1223=CARTESIAN_POINT('Ctrl Pts',(0.149335272465835,-0.150000007124618,
1.51338577708929));
#1224=CARTESIAN_POINT('Ctrl Pts',(0.18101419312399,-0.150000007124618,1.43340021262516));
#1225=CARTESIAN_POINT('Ctrl Pts',(0.221811836018635,-0.150000007124618,
1.35151683550942));
#1226=CARTESIAN_POINT('Ctrl Pts',(0.274901581941644,-0.150000007124618,
1.26325903778002));
#1227=CARTESIAN_POINT('Ctrl Pts',(0.342694407800668,-0.150000007124618,
1.165204721376));
#1228=CARTESIAN_POINT('Ctrl Pts',(0.426112796316152,-0.150000007124618,
1.05602199751305));
#1229=CARTESIAN_POINT('Ctrl Pts',(0.523639540150297,-0.150000007124618,
0.937815547717209));
#1230=CARTESIAN_POINT('Ctrl Pts',(0.631894055074291,-0.150000007124618,
0.81532530303068));
#1231=CARTESIAN_POINT('Ctrl Pts',(0.746585402419887,-0.150000007124618,
0.694592412477152));
#1232=CARTESIAN_POINT('Ctrl Pts',(0.863343092705283,-0.150000007124618,
0.581793730433378));
#1233=CARTESIAN_POINT('Ctrl Pts',(0.978540413319679,-0.150000007124618,
0.482083468266718));
#1234=CARTESIAN_POINT('Ctrl Pts',(1.0902485796129,-0.150000007124618,0.398247839600438));
#1235=CARTESIAN_POINT('Ctrl Pts',(1.19876054788808,-0.150000007124618,0.329960780701274));
#1236=CARTESIAN_POINT('Ctrl Pts',(1.30578276251506,-0.150000007124618,0.274908301558273));
#1237=CARTESIAN_POINT('Ctrl Pts',(1.41386533455206,-0.150000007124618,0.229573169012798));
#1238=CARTESIAN_POINT('Ctrl Pts',(1.52577557640743,-0.150000007124618,0.19009805013891));
#1239=CARTESIAN_POINT('Ctrl Pts',(1.64383917367691,-0.150000007124618,0.153184102347408));
#1240=CARTESIAN_POINT('Ctrl Pts',(1.76948060725386,-0.150000007124618,0.116723934377222));
#1241=CARTESIAN_POINT('Ctrl Pts',(1.90350735041932,-0.150000007124618,0.0794473546017642));
#1242=CARTESIAN_POINT('Ctrl Pts',(2.01770986049909,-0.150000007124618,0.0484820865757049));
#1243=CARTESIAN_POINT('Ctrl Pts',(2.10731979279048,-0.150000007124618,0.0245251813288626));
#1244=CARTESIAN_POINT('Ctrl Pts',(2.16881415757846,-0.150000007124618,0.00822918808217896));
#1245=CARTESIAN_POINT('Ctrl Pts',(2.19999995082617,-0.150000007124618,0.));
#1246=CARTESIAN_POINT('',(0.0461105698865294,-0.150000007124618,2.));
#1247=CARTESIAN_POINT('Origin',(12.5999993830919,25.,17.5599447102119));
#1248=CARTESIAN_POINT('',(1.43508417492504,24.9999994859099,2.));
#1249=CARTESIAN_POINT('',(1.43508417492504,22.9999994859099,2.));
#1250=CARTESIAN_POINT('',(1.43508417492504,23.999999742955,2.));
#1251=CARTESIAN_POINT('',(12.5999993830919,23.,17.5599447102119));
#1252=CARTESIAN_POINT('',(0.,23.,0.));
#1253=CARTESIAN_POINT('',(12.5999993830919,25.,17.5599447102119));
#1254=CARTESIAN_POINT('',(12.5999993830919,-0.4,17.5599447102119));
#1255=CARTESIAN_POINT('',(0.,25.,0.));
#1256=CARTESIAN_POINT('Origin',(13.8000006554648,11.4249997393927,2.));
#1257=CARTESIAN_POINT('',(27.6000013109297,-0.150000007124618,2.));
#1258=CARTESIAN_POINT('',(0.,-0.150000007124618,2.));
#1259=CARTESIAN_POINT('',(27.6000013109297,22.9790285274273,2.));
#1260=CARTESIAN_POINT('',(27.5999993830919,5.71249986969633,2.));
#1261=CARTESIAN_POINT('',(12.5999993830919,22.9790285274273,2.));
#1262=CARTESIAN_POINT('',(20.7000000192784,22.9790285274273,2.));
#1263=CARTESIAN_POINT('',(12.5999993830919,22.9999994859099,2.));
#1264=CARTESIAN_POINT('',(12.5999993830919,17.7072570015531,2.));
#1265=CARTESIAN_POINT('',(10.0500001735054,23.,2.));
#1266=CARTESIAN_POINT('',(27.6000013109297,24.9999994859099,2.));
#1267=CARTESIAN_POINT('Origin',(0.,-0.150000007124618,0.));
#1268=CARTESIAN_POINT('',(27.6000013109297,-0.150000007124618,0.));
#1269=CARTESIAN_POINT('',(0.,-0.150000007124618,0.));
#1270=CARTESIAN_POINT('',(27.5999993830919,-0.150000007124618,0.));
#1271=CARTESIAN_POINT('Origin',(6.29999969154596,23.,8.77997235510597));
#1272=CARTESIAN_POINT('',(12.5999993830919,23.,8.77997235510597));
#1273=CARTESIAN_POINT('Origin',(12.5999993830919,23.9895142637136,8.77997235510597));
#1274=CARTESIAN_POINT('',(12.5999993830919,22.9790285274273,17.5599447102119));
#1275=CARTESIAN_POINT('',(12.5999993830919,22.9790285274273,17.5599447102119));
#1276=CARTESIAN_POINT('',(12.5999993830919,-0.4,17.5599447102119));
#1277=CARTESIAN_POINT('Origin',(27.5999993830919,22.9790285274273,0.));
#1278=CARTESIAN_POINT('',(27.5999993830919,22.9790285274273,17.5599447102119));
#1279=CARTESIAN_POINT('',(27.5999993830919,22.9790285274273,0.));
#1280=CARTESIAN_POINT('',(27.5999993830919,22.9790285274273,17.5599447102119));
#1281=CARTESIAN_POINT('Origin',(28.9284202717394,3.59999999329448,32.1999992802739));
#1282=CARTESIAN_POINT('',(29.890145680629,3.59999999329448,31.1970770207653));
#1283=CARTESIAN_POINT('',(29.8999993339514,3.59999999329448,31.1970770207653));
#1284=CARTESIAN_POINT('',(28.2642098274157,3.59999999329448,31.1970770207653));
#1285=CARTESIAN_POINT('',(29.8999993316829,3.59999999329448,31.0999993048608));
#1286=CARTESIAN_POINT('Ctrl Pts',(29.8999993316829,3.59999999329448,31.0999993048608));
#1287=CARTESIAN_POINT('Ctrl Pts',(29.898472443537,3.59999999329448,31.1193319421776));
#1288=CARTESIAN_POINT('Ctrl Pts',(29.8967237357928,3.59999999329448,31.138706023245));
#1289=CARTESIAN_POINT('Ctrl Pts',(29.8947532085993,3.59999999329448,31.1581215480493));
#1290=CARTESIAN_POINT('Ctrl Pts',(29.8925606680686,3.59999999329448,31.1775785528085));
#1291=CARTESIAN_POINT('Ctrl Pts',(29.890145680629,3.59999999329448,31.1970770207653));
#1292=CARTESIAN_POINT('',(29.8999993316829,3.59999999329448,24.8799719952429));
#1293=CARTESIAN_POINT('Ctrl Pts',(29.8999993316829,-0.200000006705523,31.0999993048608));
#1294=CARTESIAN_POINT('Ctrl Pts',(29.8999993316829,3.59999999329448,31.0999993048608));
#1295=CARTESIAN_POINT('Ctrl Pts',(29.8981330403296,-0.200000006705523,31.1236292832304));
#1296=CARTESIAN_POINT('Ctrl Pts',(29.8981330403296,3.59999999329448,31.1236292832304));
#1297=CARTESIAN_POINT('Ctrl Pts',(29.893737670059,-0.200000006705523,31.1710130721409));
#1298=CARTESIAN_POINT('Ctrl Pts',(29.893737670059,3.59999999329448,31.1710130721409));
#1299=CARTESIAN_POINT('Ctrl Pts',(29.8851562535931,-0.200000006705523,31.2424602518702));
#1300=CARTESIAN_POINT('Ctrl Pts',(29.8851562535931,3.59999999329448,31.2424602518702));
#1301=CARTESIAN_POINT('Ctrl Pts',(29.8697272553396,-0.200000006705523,31.338468091145));
#1302=CARTESIAN_POINT('Ctrl Pts',(29.8697272553396,3.59999999329448,31.338468091145));
#1303=CARTESIAN_POINT('Ctrl Pts',(29.8437029423043,-0.200000006705523,31.4597047959428));
#1304=CARTESIAN_POINT('Ctrl Pts',(29.8437029423043,3.59999999329448,31.4597047959428));
#1305=CARTESIAN_POINT('Ctrl Pts',(29.8107673545655,-0.200000006705523,31.5821044860601));
#1306=CARTESIAN_POINT('Ctrl Pts',(29.8107673545655,3.59999999329448,31.5821044860601));
#1307=CARTESIAN_POINT('Ctrl Pts',(29.7706551144639,-0.200000006705523,31.7055234823147));
#1308=CARTESIAN_POINT('Ctrl Pts',(29.7706551144639,3.59999999329448,31.7055234823147));
#1309=CARTESIAN_POINT('Ctrl Pts',(29.7229982782691,-0.200000006705523,31.8297067256933));
#1310=CARTESIAN_POINT('Ctrl Pts',(29.7229982782691,3.59999999329448,31.8297067256933));
#1311=CARTESIAN_POINT('Ctrl Pts',(29.6673176023816,-0.200000006705523,31.9542553121392));
#1312=CARTESIAN_POINT('Ctrl Pts',(29.6673176023816,3.59999999329448,31.9542553121392));
#1313=CARTESIAN_POINT('Ctrl Pts',(29.6031105947025,-0.200000006705523,32.0786223459477));
#1314=CARTESIAN_POINT('Ctrl Pts',(29.6031105947025,3.59999999329448,32.0786223459477));
#1315=CARTESIAN_POINT('Ctrl Pts',(29.5299404492622,-0.200000006705523,32.202108646129));
#1316=CARTESIAN_POINT('Ctrl Pts',(29.5299404492622,3.59999999329448,32.202108646129));
#1317=CARTESIAN_POINT('Ctrl Pts',(29.4475309720219,-0.200000006705523,32.3238544888033));
#1318=CARTESIAN_POINT('Ctrl Pts',(29.4475309720219,3.59999999329448,32.3238544888033));
#1319=CARTESIAN_POINT('Ctrl Pts',(29.3558594481591,-0.200000006705523,32.4428371258814));
#1320=CARTESIAN_POINT('Ctrl Pts',(29.3558594481591,3.59999999329448,32.4428371258814));
#1321=CARTESIAN_POINT('Ctrl Pts',(29.2552700003296,-0.200000006705523,32.5578504989495));
#1322=CARTESIAN_POINT('Ctrl Pts',(29.2552700003296,3.59999999329448,32.5578504989495));
#1323=CARTESIAN_POINT('Ctrl Pts',(29.1465026752433,-0.200000006705523,32.667580918252));
#1324=CARTESIAN_POINT('Ctrl Pts',(29.1465026752433,3.59999999329448,32.667580918252));
#1325=CARTESIAN_POINT('Ctrl Pts',(29.0306958177941,-0.200000006705523,32.7707134102438));
#1326=CARTESIAN_POINT('Ctrl Pts',(29.0306958177941,3.59999999329448,32.7707134102438));
#1327=CARTESIAN_POINT('Ctrl Pts',(28.9094096308736,-0.200000006705523,32.8660330045193));
#1328=CARTESIAN_POINT('Ctrl Pts',(28.9094096308736,3.59999999329448,32.8660330045193));
#1329=CARTESIAN_POINT('Ctrl Pts',(28.7846383916964,-0.200000006705523,32.9525244468074));
#1330=CARTESIAN_POINT('Ctrl Pts',(28.7846383916964,3.59999999329448,32.9525244468074));
#1331=CARTESIAN_POINT('Ctrl Pts',(28.6588599290464,-0.200000006705523,33.029495304379));
#1332=CARTESIAN_POINT('Ctrl Pts',(28.6588599290464,3.59999999329448,33.029495304379));
#1333=CARTESIAN_POINT('Ctrl Pts',(28.5349977383276,-0.200000006705523,33.0966410258601));
#1334=CARTESIAN_POINT('Ctrl Pts',(28.5349977383276,3.59999999329448,33.0966410258601));
#1335=CARTESIAN_POINT('Ctrl Pts',(28.4161213513069,-0.200000006705523,33.1539259417093));
#1336=CARTESIAN_POINT('Ctrl Pts',(28.4161213513069,3.59999999329448,33.1539259417093));
#1337=CARTESIAN_POINT('Ctrl Pts',(28.3051888931186,-0.200000006705523,33.2015025325135));
#1338=CARTESIAN_POINT('Ctrl Pts',(28.3051888931186,3.59999999329448,33.2015025325135));
#1339=CARTESIAN_POINT('Ctrl Pts',(28.2047814800889,-0.200000006705523,33.2396235828894));
#1340=CARTESIAN_POINT('Ctrl Pts',(28.2047814800889,3.59999999329448,33.2396235828894));
#1341=CARTESIAN_POINT('Ctrl Pts',(28.1168093434866,-0.200000006705523,33.2685601468396));
#1342=CARTESIAN_POINT('Ctrl Pts',(28.1168093434866,3.59999999329448,33.2685601468396));
#1343=CARTESIAN_POINT('Ctrl Pts',(28.0487043773821,-0.200000006705523,33.2868129128689));
#1344=CARTESIAN_POINT('Ctrl Pts',(28.0487043773821,3.59999999329448,33.2868129128689));
#1345=CARTESIAN_POINT('Ctrl Pts',(28.0043511768732,-0.200000006705523,33.2954628968167));
#1346=CARTESIAN_POINT('Ctrl Pts',(28.0043511768732,3.59999999329448,33.2954628968167));
#1347=CARTESIAN_POINT('Ctrl Pts',(27.9770266156458,-0.200000006705523,33.2988116699459));
#1348=CARTESIAN_POINT('Ctrl Pts',(27.9770266156458,3.59999999329448,33.2988116699459));
#1349=CARTESIAN_POINT('Ctrl Pts',(27.962051148662,-0.200000006705523,33.2997864377426));
#1350=CARTESIAN_POINT('Ctrl Pts',(27.962051148662,3.59999999329448,33.2997864377426));
#1351=CARTESIAN_POINT('Ctrl Pts',(27.9568411603869,-0.200000006705523,33.299999255687));
#1352=CARTESIAN_POINT('Ctrl Pts',(27.9568411603869,3.59999999329448,33.299999255687));
#1353=CARTESIAN_POINT('',(27.9568411603869,0.299999993294478,33.299999255687));
#1354=CARTESIAN_POINT('Ctrl Pts',(27.9568411603869,0.299999993294475,33.299999255687));
#1355=CARTESIAN_POINT('Ctrl Pts',(27.9779808170646,0.301355058378112,33.2991357415979));
#1356=CARTESIAN_POINT('Ctrl Pts',(28.0008047992375,0.306920640924515,33.2955890787836));
#1357=CARTESIAN_POINT('Ctrl Pts',(28.0754424420115,0.329858895601464,33.2809716952107));
#1358=CARTESIAN_POINT('Ctrl Pts',(28.141650038297,0.361239976980603,33.260974127396));
#1359=CARTESIAN_POINT('Ctrl Pts',(28.3411604644467,0.473018499315326,33.1897433576977));
#1360=CARTESIAN_POINT('Ctrl Pts',(28.5981259512127,0.637465132551847,33.0849498784567));
#1361=CARTESIAN_POINT('Ctrl Pts',(29.1373325321013,1.23865757874853,32.7018404958585));
#1362=CARTESIAN_POINT('Ctrl Pts',(29.3416165645534,1.586978517782,32.4798732693199));
#1363=CARTESIAN_POINT('Ctrl Pts',(29.7322851520444,2.49897154559225,31.898706476509));
#1364=CARTESIAN_POINT('Ctrl Pts',(29.8501805878242,3.09364258831697,31.519752852809));
#1365=CARTESIAN_POINT('Ctrl Pts',(29.890145680629,3.59999999329448,31.1970770207653));
#1366=CARTESIAN_POINT('',(27.9568411603869,-0.200000006705523,33.299999255687));
#1367=CARTESIAN_POINT('',(27.9568411603869,-0.200000006705523,33.299999255687));
#1368=CARTESIAN_POINT('',(29.8999993316829,-0.200000006705523,31.0999993048608));
#1369=CARTESIAN_POINT('Ctrl Pts',(29.8999993316829,-0.200000006705523,31.0999993048608));
#1370=CARTESIAN_POINT('Ctrl Pts',(29.8981330403296,-0.200000006705523,31.1236292832304));
#1371=CARTESIAN_POINT('Ctrl Pts',(29.893737670059,-0.200000006705523,31.1710130721409));
#1372=CARTESIAN_POINT('Ctrl Pts',(29.8851562535931,-0.200000006705523,31.2424602518702));
#1373=CARTESIAN_POINT('Ctrl Pts',(29.8697272553396,-0.200000006705523,31.338468091145));
#1374=CARTESIAN_POINT('Ctrl Pts',(29.8437029423043,-0.200000006705523,31.4597047959428));
#1375=CARTESIAN_POINT('Ctrl Pts',(29.8107673545655,-0.200000006705523,31.5821044860601));
#1376=CARTESIAN_POINT('Ctrl Pts',(29.7706551144639,-0.200000006705523,31.7055234823147));
#1377=CARTESIAN_POINT('Ctrl Pts',(29.7229982782691,-0.200000006705523,31.8297067256933));
#1378=CARTESIAN_POINT('Ctrl Pts',(29.6673176023816,-0.200000006705523,31.9542553121392));
#1379=CARTESIAN_POINT('Ctrl Pts',(29.6031105947025,-0.200000006705523,32.0786223459477));
#1380=CARTESIAN_POINT('Ctrl Pts',(29.5299404492622,-0.200000006705523,32.202108646129));
#1381=CARTESIAN_POINT('Ctrl Pts',(29.4475309720219,-0.200000006705523,32.3238544888033));
#1382=CARTESIAN_POINT('Ctrl Pts',(29.3558594481591,-0.200000006705523,32.4428371258814));
#1383=CARTESIAN_POINT('Ctrl Pts',(29.2552700003296,-0.200000006705523,32.5578504989495));
#1384=CARTESIAN_POINT('Ctrl Pts',(29.1465026752433,-0.200000006705523,32.667580918252));
#1385=CARTESIAN_POINT('Ctrl Pts',(29.0306958177941,-0.200000006705523,32.7707134102438));
#1386=CARTESIAN_POINT('Ctrl Pts',(28.9094096308736,-0.200000006705523,32.8660330045193));
#1387=CARTESIAN_POINT('Ctrl Pts',(28.7846383916964,-0.200000006705523,32.9525244468074));
#1388=CARTESIAN_POINT('Ctrl Pts',(28.6588599290464,-0.200000006705523,33.029495304379));
#1389=CARTESIAN_POINT('Ctrl Pts',(28.5349977383276,-0.200000006705523,33.0966410258601));
#1390=CARTESIAN_POINT('Ctrl Pts',(28.4161213513069,-0.200000006705523,33.1539259417093));
#1391=CARTESIAN_POINT('Ctrl Pts',(28.3051888931186,-0.200000006705523,33.2015025325135));
#1392=CARTESIAN_POINT('Ctrl Pts',(28.2047814800889,-0.200000006705523,33.2396235828894));
#1393=CARTESIAN_POINT('Ctrl Pts',(28.1168093434866,-0.200000006705523,33.2685601468396));
#1394=CARTESIAN_POINT('Ctrl Pts',(28.0487043773821,-0.200000006705523,33.2868129128689));
#1395=CARTESIAN_POINT('Ctrl Pts',(28.0043511768732,-0.200000006705523,33.2954628968167));
#1396=CARTESIAN_POINT('Ctrl Pts',(27.9770266156458,-0.200000006705523,33.2988116699459));
#1397=CARTESIAN_POINT('Ctrl Pts',(27.962051148662,-0.200000006705523,33.2997864377426));
#1398=CARTESIAN_POINT('Ctrl Pts',(27.9568411603869,-0.200000006705523,33.299999255687));
#1399=CARTESIAN_POINT('',(29.8999993316829,-0.200000006705523,31.0999993048608));
#1400=CARTESIAN_POINT('Origin',(27.5999993830919,25.000000372529,17.5599447102119));
#1401=CARTESIAN_POINT('',(29.8999993316829,25.,17.5599447102119));
#1402=CARTESIAN_POINT('',(29.8999993830919,25.000000372529,17.5599447102119));
#1403=CARTESIAN_POINT('',(27.5999993830919,25.000000372529,17.5599447102119));
#1404=CARTESIAN_POINT('',(27.5999993830919,25.,17.5599447102119));
#1405=CARTESIAN_POINT('',(27.5999993830919,0.299999993294477,33.299999255687));
#1406=CARTESIAN_POINT('',(27.5999993830919,25.000000372529,17.5599447102119));
#1407=CARTESIAN_POINT('',(27.5999993830919,0.299999993294477,33.299999255687));
#1408=CARTESIAN_POINT('Origin',(27.5999993830919,-0.200000006705523,33.299999255687));
#1409=CARTESIAN_POINT('',(27.5999993830919,-0.200000006705523,33.299999255687));
#1410=CARTESIAN_POINT('',(27.5999993830919,-0.200000006705523,33.299999255687));
#1411=CARTESIAN_POINT('',(27.5999993830919,-0.200000006705523,17.5599447102119));
#1412=CARTESIAN_POINT('',(27.5999993830919,-0.200000006705523,33.299999255687));
#1413=CARTESIAN_POINT('',(29.8999993830919,-0.200000006705523,17.5599447102119));
#1414=CARTESIAN_POINT('',(27.5999993830919,-0.200000006705523,17.5599447102119));
#1415=CARTESIAN_POINT('',(29.8999993830919,-0.200000006705523,33.299999255687));
#1416=CARTESIAN_POINT('Origin',(29.8999993830919,0.299999993294477,33.299999255687));
#1417=CARTESIAN_POINT('',(27.5999993830919,0.299999993294477,33.299999255687));
#1418=CARTESIAN_POINT('Origin',(27.5999993830919,0.,17.5599447102119));
#1419=CARTESIAN_POINT('',(27.5999993830919,-0.4,17.5599447102119));
#1420=CARTESIAN_POINT('',(27.5999993830919,0.,17.5599447102119));
#1421=CARTESIAN_POINT('',(29.8999993316829,-0.4,17.5599447102119));
#1422=CARTESIAN_POINT('',(27.5999993830919,-0.4,17.5599447102119));
#1423=CARTESIAN_POINT('',(29.8999993316829,0.,17.5599447102119));
#1424=CARTESIAN_POINT('Origin',(27.5999993830919,0.,17.5599447102119));
#1425=CARTESIAN_POINT('',(27.5999993830919,6.32500009145588,17.5599447102119));
#1426=CARTESIAN_POINT('',(27.5999993830919,25.,17.5599447102119));
#1427=CARTESIAN_POINT('Origin',(27.5999993830919,25.,0.));
#1428=CARTESIAN_POINT('',(27.5999993830919,25.,0.));
#1429=CARTESIAN_POINT('',(27.5999993830919,25.,0.));
#1430=CARTESIAN_POINT('',(27.5999993830919,0.,0.));
#1431=CARTESIAN_POINT('Origin',(28.7499993573874,-0.4,8.77905943192217));
#1432=CARTESIAN_POINT('',(29.8999993316829,-0.4,2.29999994859099));
#1433=CARTESIAN_POINT('',(29.8999993316829,-0.4,17.5599447102119));
#1434=CARTESIAN_POINT('',(27.5999993830919,-0.4,0.));
#1435=CARTESIAN_POINT('',(27.5999993830919,-0.4,0.));
#1436=CARTESIAN_POINT('Ctrl Pts',(27.5999993830919,-0.4,0.));
#1437=CARTESIAN_POINT('Ctrl Pts',(27.6160170291243,-0.4,-0.00100143183862741));
#1438=CARTESIAN_POINT('Ctrl Pts',(27.6493641619386,-0.4,-0.00182584636759151));
#1439=CARTESIAN_POINT('Ctrl Pts',(27.7033204849195,-0.4,0.000472921415923039));
#1440=CARTESIAN_POINT('Ctrl Pts',(27.7831531557082,-0.4,0.0106268063541877));
#1441=CARTESIAN_POINT('Ctrl Pts',(27.8959911222132,-0.4,0.0351737560981686));
#1442=CARTESIAN_POINT('Ctrl Pts',(28.0213352001631,-0.4,0.0714990478207517));
#1443=CARTESIAN_POINT('Ctrl Pts',(28.1579660841925,-0.4,0.119315998111431));
#1444=CARTESIAN_POINT('Ctrl Pts',(28.3036218092575,-0.4,0.177979006542096));
#1445=CARTESIAN_POINT('Ctrl Pts',(28.4550086421755,-0.4,0.246494815500826));
#1446=CARTESIAN_POINT('Ctrl Pts',(28.6083122091484,-0.4,0.323747041978952));
#1447=CARTESIAN_POINT('Ctrl Pts',(28.7595762204617,-0.4,0.408662414144207));
#1448=CARTESIAN_POINT('Ctrl Pts',(28.9051292089965,-0.4,0.500395545857725));
#1449=CARTESIAN_POINT('Ctrl Pts',(29.0419965093002,-0.4,0.598506310412771));
#1450=CARTESIAN_POINT('Ctrl Pts',(29.168316807733,-0.4,0.703134452119279));
#1451=CARTESIAN_POINT('Ctrl Pts',(29.2831225667721,-0.4,0.814680500515305));
#1452=CARTESIAN_POINT('Ctrl Pts',(29.3861458238771,-0.4,0.933505511463617));
#1453=CARTESIAN_POINT('Ctrl Pts',(29.477624747973,-0.4,1.05960359675073));
#1454=CARTESIAN_POINT('Ctrl Pts',(29.5581274832783,-0.4,1.19231994232064));
#1455=CARTESIAN_POINT('Ctrl Pts',(29.6283627360057,-0.4,1.32993734516053));
#1456=CARTESIAN_POINT('Ctrl Pts',(29.6890915489408,-0.4,1.46988468845515));
#1457=CARTESIAN_POINT('Ctrl Pts',(29.7410827194798,-0.4,1.60918412875347));
#1458=CARTESIAN_POINT('Ctrl Pts',(29.7850566596476,-0.4,1.74483132321135));
#1459=CARTESIAN_POINT('Ctrl Pts',(29.8216417328967,-0.4,1.87416461509614));
#1460=CARTESIAN_POINT('Ctrl Pts',(29.8513183431257,-0.4,1.99533533661509));
#1461=CARTESIAN_POINT('Ctrl Pts',(29.8744127941375,-0.4,2.10734274993092));
#1462=CARTESIAN_POINT('Ctrl Pts',(29.887784747472,-0.4,2.18925661706484));
#1463=CARTESIAN_POINT('Ctrl Pts',(29.8949880301732,-0.4,2.24632310418878));
#1464=CARTESIAN_POINT('Ctrl Pts',(29.8985376590123,-0.4,2.28243048158698));
#1465=CARTESIAN_POINT('Ctrl Pts',(29.8999993316829,-0.4,2.29999994859099));
#1466=CARTESIAN_POINT('Origin',(27.5999993830919,0.,0.));
#1467=CARTESIAN_POINT('',(27.5999993830919,0.,0.));
#1468=CARTESIAN_POINT('Ctrl Pts',(29.8999993316829,-0.4,2.29999994859099));
#1469=CARTESIAN_POINT('Ctrl Pts',(29.8999993316829,25.,2.29999994859099));
#1470=CARTESIAN_POINT('Ctrl Pts',(29.8985376590123,-0.4,2.28243048158698));
#1471=CARTESIAN_POINT('Ctrl Pts',(29.8985376590123,25.,2.28243048158698));
#1472=CARTESIAN_POINT('Ctrl Pts',(29.8949880301732,-0.4,2.24632310418878));
#1473=CARTESIAN_POINT('Ctrl Pts',(29.8949880301732,25.,2.24632310418878));
#1474=CARTESIAN_POINT('Ctrl Pts',(29.887784747472,-0.4,2.18925661706484));
#1475=CARTESIAN_POINT('Ctrl Pts',(29.887784747472,25.,2.18925661706484));
#1476=CARTESIAN_POINT('Ctrl Pts',(29.8744127941375,-0.4,2.10734274993092));
#1477=CARTESIAN_POINT('Ctrl Pts',(29.8744127941375,25.,2.10734274993092));
#1478=CARTESIAN_POINT('Ctrl Pts',(29.8513183431257,-0.4,1.99533533661509));
#1479=CARTESIAN_POINT('Ctrl Pts',(29.8513183431257,25.,1.99533533661509));
#1480=CARTESIAN_POINT('Ctrl Pts',(29.8216417328967,-0.4,1.87416461509614));
#1481=CARTESIAN_POINT('Ctrl Pts',(29.8216417328967,25.,1.87416461509614));
#1482=CARTESIAN_POINT('Ctrl Pts',(29.7850566596476,-0.4,1.74483132321135));
#1483=CARTESIAN_POINT('Ctrl Pts',(29.7850566596476,25.,1.74483132321135));
#1484=CARTESIAN_POINT('Ctrl Pts',(29.7410827194798,-0.4,1.60918412875347));
#1485=CARTESIAN_POINT('Ctrl Pts',(29.7410827194798,25.,1.60918412875347));
#1486=CARTESIAN_POINT('Ctrl Pts',(29.6890915489408,-0.4,1.46988468845515));
#1487=CARTESIAN_POINT('Ctrl Pts',(29.6890915489408,25.,1.46988468845515));
#1488=CARTESIAN_POINT('Ctrl Pts',(29.6283627360057,-0.4,1.32993734516053));
#1489=CARTESIAN_POINT('Ctrl Pts',(29.6283627360057,25.,1.32993734516053));
#1490=CARTESIAN_POINT('Ctrl Pts',(29.5581274832783,-0.4,1.19231994232064));
#1491=CARTESIAN_POINT('Ctrl Pts',(29.5581274832783,25.,1.19231994232064));
#1492=CARTESIAN_POINT('Ctrl Pts',(29.477624747973,-0.4,1.05960359675073));
#1493=CARTESIAN_POINT('Ctrl Pts',(29.477624747973,25.,1.05960359675073));
#1494=CARTESIAN_POINT('Ctrl Pts',(29.3861458238771,-0.4,0.933505511463617));
#1495=CARTESIAN_POINT('Ctrl Pts',(29.3861458238771,25.,0.933505511463617));
#1496=CARTESIAN_POINT('Ctrl Pts',(29.2831225667721,-0.4,0.814680500515305));
#1497=CARTESIAN_POINT('Ctrl Pts',(29.2831225667721,25.,0.814680500515305));
#1498=CARTESIAN_POINT('Ctrl Pts',(29.168316807733,-0.4,0.703134452119279));
#1499=CARTESIAN_POINT('Ctrl Pts',(29.168316807733,25.,0.703134452119279));
#1500=CARTESIAN_POINT('Ctrl Pts',(29.0419965093002,-0.4,0.598506310412771));
#1501=CARTESIAN_POINT('Ctrl Pts',(29.0419965093002,25.,0.598506310412771));
#1502=CARTESIAN_POINT('Ctrl Pts',(28.9051292089965,-0.4,0.500395545857725));
#1503=CARTESIAN_POINT('Ctrl Pts',(28.9051292089965,25.,0.500395545857725));
#1504=CARTESIAN_POINT('Ctrl Pts',(28.7595762204617,-0.4,0.408662414144207));
#1505=CARTESIAN_POINT('Ctrl Pts',(28.7595762204617,25.,0.408662414144207));
#1506=CARTESIAN_POINT('Ctrl Pts',(28.6083122091484,-0.4,0.323747041978952));
#1507=CARTESIAN_POINT('Ctrl Pts',(28.6083122091484,25.,0.323747041978952));
#1508=CARTESIAN_POINT('Ctrl Pts',(28.4550086421755,-0.4,0.246494815500826));
#1509=CARTESIAN_POINT('Ctrl Pts',(28.4550086421755,25.,0.246494815500826));
#1510=CARTESIAN_POINT('Ctrl Pts',(28.3036218092575,-0.4,0.177979006542096));
#1511=CARTESIAN_POINT('Ctrl Pts',(28.3036218092575,25.,0.177979006542096));
#1512=CARTESIAN_POINT('Ctrl Pts',(28.1579660841925,-0.4,0.119315998111431));
#1513=CARTESIAN_POINT('Ctrl Pts',(28.1579660841925,25.,0.119315998111431));
#1514=CARTESIAN_POINT('Ctrl Pts',(28.0213352001631,-0.4,0.0714990478207517));
#1515=CARTESIAN_POINT('Ctrl Pts',(28.0213352001631,25.,0.0714990478207517));
#1516=CARTESIAN_POINT('Ctrl Pts',(27.8959911222132,-0.4,0.0351737560981686));
#1517=CARTESIAN_POINT('Ctrl Pts',(27.8959911222132,25.,0.0351737560981686));
#1518=CARTESIAN_POINT('Ctrl Pts',(27.7831531557082,-0.4,0.0106268063541877));
#1519=CARTESIAN_POINT('Ctrl Pts',(27.7831531557082,25.,0.0106268063541877));
#1520=CARTESIAN_POINT('Ctrl Pts',(27.7033204849195,-0.4,0.000472921415923039));
#1521=CARTESIAN_POINT('Ctrl Pts',(27.7033204849195,25.,0.000472921415923039));
#1522=CARTESIAN_POINT('Ctrl Pts',(27.6493641619386,-0.4,-0.00182584636759151));
#1523=CARTESIAN_POINT('Ctrl Pts',(27.6493641619386,25.,-0.00182584636759151));
#1524=CARTESIAN_POINT('Ctrl Pts',(27.6160170291243,-0.4,-0.00100143183862741));
#1525=CARTESIAN_POINT('Ctrl Pts',(27.6160170291243,25.,-0.00100143183862741));
#1526=CARTESIAN_POINT('Ctrl Pts',(27.5999993830919,-0.4,0.));
#1527=CARTESIAN_POINT('Ctrl Pts',(27.5999993830919,25.,0.));
#1528=CARTESIAN_POINT('',(29.8999993316829,25.,2.29999994859099));
#1529=CARTESIAN_POINT('Ctrl Pts',(29.8999993316829,25.,2.29999994859099));
#1530=CARTESIAN_POINT('Ctrl Pts',(29.8985376590123,25.,2.28243048158698));
#1531=CARTESIAN_POINT('Ctrl Pts',(29.8949880301732,25.,2.24632310418878));
#1532=CARTESIAN_POINT('Ctrl Pts',(29.887784747472,25.,2.18925661706484));
#1533=CARTESIAN_POINT('Ctrl Pts',(29.8744127941375,25.,2.10734274993092));
#1534=CARTESIAN_POINT('Ctrl Pts',(29.8513183431257,25.,1.99533533661509));
#1535=CARTESIAN_POINT('Ctrl Pts',(29.8216417328967,25.,1.87416461509614));
#1536=CARTESIAN_POINT('Ctrl Pts',(29.7850566596476,25.,1.74483132321135));
#1537=CARTESIAN_POINT('Ctrl Pts',(29.7410827194798,25.,1.60918412875347));
#1538=CARTESIAN_POINT('Ctrl Pts',(29.6890915489408,25.,1.46988468845515));
#1539=CARTESIAN_POINT('Ctrl Pts',(29.6283627360057,25.,1.32993734516053));
#1540=CARTESIAN_POINT('Ctrl Pts',(29.5581274832783,25.,1.19231994232064));
#1541=CARTESIAN_POINT('Ctrl Pts',(29.477624747973,25.,1.05960359675073));
#1542=CARTESIAN_POINT('Ctrl Pts',(29.3861458238771,25.,0.933505511463617));
#1543=CARTESIAN_POINT('Ctrl Pts',(29.2831225667721,25.,0.814680500515305));
#1544=CARTESIAN_POINT('Ctrl Pts',(29.168316807733,25.,0.703134452119279));
#1545=CARTESIAN_POINT('Ctrl Pts',(29.0419965093002,25.,0.598506310412771));
#1546=CARTESIAN_POINT('Ctrl Pts',(28.9051292089965,25.,0.500395545857725));
#1547=CARTESIAN_POINT('Ctrl Pts',(28.7595762204617,25.,0.408662414144207));
#1548=CARTESIAN_POINT('Ctrl Pts',(28.6083122091484,25.,0.323747041978952));
#1549=CARTESIAN_POINT('Ctrl Pts',(28.4550086421755,25.,0.246494815500826));
#1550=CARTESIAN_POINT('Ctrl Pts',(28.3036218092575,25.,0.177979006542096));
#1551=CARTESIAN_POINT('Ctrl Pts',(28.1579660841925,25.,0.119315998111431));
#1552=CARTESIAN_POINT('Ctrl Pts',(28.0213352001631,25.,0.0714990478207517));
#1553=CARTESIAN_POINT('Ctrl Pts',(27.8959911222132,25.,0.0351737560981686));
#1554=CARTESIAN_POINT('Ctrl Pts',(27.7831531557082,25.,0.0106268063541877));
#1555=CARTESIAN_POINT('Ctrl Pts',(27.7033204849195,25.,0.000472921415923039));
#1556=CARTESIAN_POINT('Ctrl Pts',(27.6493641619386,25.,-0.00182584636759151));
#1557=CARTESIAN_POINT('Ctrl Pts',(27.6160170291243,25.,-0.00100143183862741));
#1558=CARTESIAN_POINT('Ctrl Pts',(27.5999993830919,25.,0.));
#1559=CARTESIAN_POINT('',(29.8999993316829,0.,2.29999994859099));
#1560=CARTESIAN_POINT('Origin',(29.8999993316829,0.,17.5599447102119));
#1561=CARTESIAN_POINT('',(29.8999993316829,25.,17.5599447102119));
#1562=CARTESIAN_POINT('Origin',(28.7499993573874,25.,8.77905943192217));
#1563=CARTESIAN_POINT('Origin',(-39.8999993316829,6.53193031637639,5.00000007450581));
#1564=CARTESIAN_POINT('',(-37.5999993830919,9.58063468021711,5.00000007450581));
#1565=CARTESIAN_POINT('',(-37.5999993830919,6.53193031637639,5.00000007450581));
#1566=CARTESIAN_POINT('',(-37.5999993830919,3.2659651581882,5.00000007450581));
#1567=CARTESIAN_POINT('',(-39.8999993316829,9.58063468021711,5.00000007450581));
#1568=CARTESIAN_POINT('',(-39.8999993316829,9.58063468021711,5.00000007450581));
#1569=CARTESIAN_POINT('',(-39.8999993316829,6.53193031637639,5.00000007450581));
#1570=CARTESIAN_POINT('',(-39.8999993316829,3.2659651581882,5.00000007450581));
#1571=CARTESIAN_POINT('',(-39.8999993316829,6.53193031637639,5.00000007450581));
#1572=CARTESIAN_POINT('Origin',(-39.8999993316829,6.53193031637639,29.3287068465287));
#1573=CARTESIAN_POINT('',(-37.5999993830919,6.53193031637639,29.3287068790531));
#1574=CARTESIAN_POINT('',(-37.5999993830919,6.53193031637639,14.6643534232643));
#1575=CARTESIAN_POINT('',(-39.8999993316829,6.53193031637639,29.3287068465287));
#1576=CARTESIAN_POINT('',(-39.8999993316829,6.53193031637639,23.4443257783703));
#1577=CARTESIAN_POINT('',(-38.7499993573874,6.53193031637639,29.3287068790531));
#1578=CARTESIAN_POINT('Origin',(-39.8999993316829,9.58063468021711,5.00000007450581));
#1579=CARTESIAN_POINT('',(-37.5999993830919,9.58063468021711,27.3859225777126));
#1580=CARTESIAN_POINT('',(-37.5999993830919,9.58063468021711,2.5000000372529));
#1581=CARTESIAN_POINT('',(-39.8999993316829,9.58063468021711,27.3859225113684));
#1582=CARTESIAN_POINT('',(-38.7499993573874,9.58063468021711,27.3859225777126));
#1583=CARTESIAN_POINT('',(-39.8999993316829,9.58063468021711,11.2799723923589));
#1584=CARTESIAN_POINT('Origin',(-37.5999993830919,0.,0.));
#1585=CARTESIAN_POINT('',(-37.5999993830919,0.299999993294477,33.299999255687));
#1586=CARTESIAN_POINT('',(-37.5999993830919,25.000000372529,17.5599447102119));
#1587=CARTESIAN_POINT('',(-37.5999993830919,-0.200000006705523,33.299999255687));
#1588=CARTESIAN_POINT('',(-37.5999993830919,0.299999993294477,33.299999255687));
#1589=CARTESIAN_POINT('',(-37.5999993830919,-0.200000006705523,17.5599447102119));
#1590=CARTESIAN_POINT('',(-37.5999993830919,-0.200000006705523,33.299999255687));
#1591=CARTESIAN_POINT('',(-37.5999993830919,-0.4,17.5599447102119));
#1592=CARTESIAN_POINT('',(-37.5999993830919,0.,17.5599447102119));
#1593=CARTESIAN_POINT('',(-37.5999993830919,-0.4,0.));
#1594=CARTESIAN_POINT('',(-37.5999993830919,-0.4,0.));
#1595=CARTESIAN_POINT('',(-37.6000013109297,-0.150000007124618,0.));
#1596=CARTESIAN_POINT('',(-37.5999993830919,0.,0.));
#1597=CARTESIAN_POINT('',(-37.6000013109297,-0.150000007124618,2.));
#1598=CARTESIAN_POINT('',(-37.5999993830919,-0.150000007124618,0.));
#1599=CARTESIAN_POINT('',(-37.6000013109297,22.9790285274273,2.));
#1600=CARTESIAN_POINT('',(-37.5999993830919,5.71249986969633,2.));
#1601=CARTESIAN_POINT('',(-37.5999993830919,22.9790285274273,17.5599447102119));
#1602=CARTESIAN_POINT('',(-37.5999993830919,22.9790285274273,0.));
#1603=CARTESIAN_POINT('',(-37.5999993830919,25.000000372529,17.5599447102119));
#1604=CARTESIAN_POINT('',(-37.5999993830919,6.32500009145588,17.5599447102119));
#1605=CARTESIAN_POINT('',(-37.5999993830919,25.000000372529,17.5599447102119));
#1606=CARTESIAN_POINT('Origin',(-37.5999993830919,25.000000372529,17.5599447102119));
#1607=CARTESIAN_POINT('',(-39.8999993339514,3.59999999329448,31.1970770207653));
#1608=CARTESIAN_POINT('',(-39.8999993830919,25.000000372529,17.5599447102119));
#1609=CARTESIAN_POINT('',(-39.890145680629,3.59999999329448,31.1970770207653));
#1610=CARTESIAN_POINT('',(-38.2642098274157,3.59999999329448,31.1970770207653));
#1611=CARTESIAN_POINT('',(-37.9568411603869,0.299999993294478,33.299999255687));
#1612=CARTESIAN_POINT('Ctrl Pts',(-37.9568411603869,0.299999993294476,33.299999255687));
#1613=CARTESIAN_POINT('Ctrl Pts',(-37.9779808170646,0.301355058378112,33.2991357415979));
#1614=CARTESIAN_POINT('Ctrl Pts',(-38.0008047992375,0.306920640924515,33.2955890787836));
#1615=CARTESIAN_POINT('Ctrl Pts',(-38.0754424420115,0.329858895601464,33.2809716952107));
#1616=CARTESIAN_POINT('Ctrl Pts',(-38.141650038297,0.361239976980603,33.260974127396));
#1617=CARTESIAN_POINT('Ctrl Pts',(-38.3411604644467,0.473018499315326,33.1897433576977));
#1618=CARTESIAN_POINT('Ctrl Pts',(-38.5981259512127,0.637465132551847,33.0849498784567));
#1619=CARTESIAN_POINT('Ctrl Pts',(-39.1373325321013,1.23865757874853,32.7018404958585));
#1620=CARTESIAN_POINT('Ctrl Pts',(-39.3416165645534,1.586978517782,32.4798732693199));
#1621=CARTESIAN_POINT('Ctrl Pts',(-39.7322851520444,2.49897154559225,31.898706476509));
#1622=CARTESIAN_POINT('Ctrl Pts',(-39.8501805878242,3.09364258831697,31.519752852809));
#1623=CARTESIAN_POINT('Ctrl Pts',(-39.890145680629,3.59999999329448,31.1970770207653));
#1624=CARTESIAN_POINT('',(-37.5999993830919,0.299999993294477,33.299999255687));
#1625=CARTESIAN_POINT('Ctrl Pts',(-10.6065837097447,22.9999994859099,0.845363248154243));
#1626=CARTESIAN_POINT('Ctrl Pts',(-10.6065837097447,24.9999994859099,0.845363248154243));
#1627=CARTESIAN_POINT('Ctrl Pts',(-10.5286166645918,22.9999994859099,0.93183848637027));
#1628=CARTESIAN_POINT('Ctrl Pts',(-10.5286166645918,24.9999994859099,0.93183848637027));
#1629=CARTESIAN_POINT('Ctrl Pts',(-10.4612742190606,22.9999994859099,1.01317154362312));
#1630=CARTESIAN_POINT('Ctrl Pts',(-10.4612742190606,24.9999994859099,1.01317154362312));
#1631=CARTESIAN_POINT('Ctrl Pts',(-10.2502521965906,22.9999994859099,1.28267628603728));
#1632=CARTESIAN_POINT('Ctrl Pts',(-10.2502521965906,24.9999994859099,1.28267628603728));
#1633=CARTESIAN_POINT('Ctrl Pts',(-10.1871682573841,22.9999994859099,1.40889700655404));
#1634=CARTESIAN_POINT('Ctrl Pts',(-10.1871682573841,24.9999994859099,1.40889700655404));
#1635=CARTESIAN_POINT('Ctrl Pts',(-10.1250978752431,22.9999994859099,1.58824427727563));
#1636=CARTESIAN_POINT('Ctrl Pts',(-10.1250978752431,24.9999994859099,1.58824427727563));
#1637=CARTESIAN_POINT('Ctrl Pts',(-10.0853085214318,22.9999994859099,1.72170235647943));
#1638=CARTESIAN_POINT('Ctrl Pts',(-10.0853085214318,24.9999994859099,1.72170235647943));
#1639=CARTESIAN_POINT('Ctrl Pts',(-10.0461105698865,22.9999994859099,2.));
#1640=CARTESIAN_POINT('Ctrl Pts',(-10.0461105698865,24.9999994859099,2.));
#1641=CARTESIAN_POINT('',(-10.6065837097447,23.,0.845363248154243));
#1642=CARTESIAN_POINT('',(-10.0461105698865,22.9999994859099,2.));
#1643=CARTESIAN_POINT('Ctrl Pts',(-10.6065837097447,22.9999994859099,0.845363248154243));
#1644=CARTESIAN_POINT('Ctrl Pts',(-10.5286166645918,22.9999994859099,0.93183848637027));
#1645=CARTESIAN_POINT('Ctrl Pts',(-10.4612742190606,22.9999994859099,1.01317154362312));
#1646=CARTESIAN_POINT('Ctrl Pts',(-10.2502521965906,22.9999994859099,1.28267628603728));
#1647=CARTESIAN_POINT('Ctrl Pts',(-10.1871682573841,22.9999994859099,1.40889700655404));
#1648=CARTESIAN_POINT('Ctrl Pts',(-10.1250978752431,22.9999994859099,1.58824427727563));
#1649=CARTESIAN_POINT('Ctrl Pts',(-10.0853085214318,22.9999994859099,1.72170235647943));
#1650=CARTESIAN_POINT('Ctrl Pts',(-10.0461105698865,22.9999994859099,2.));
#1651=CARTESIAN_POINT('',(-10.6065837097447,25.,0.845363248154243));
#1652=CARTESIAN_POINT('Ctrl Pts',(-10.6065837097447,25.,0.845363248154243));
#1653=CARTESIAN_POINT('Ctrl Pts',(-10.6065837097447,24.3333333333333,0.845363248154243));
#1654=CARTESIAN_POINT('Ctrl Pts',(-10.6065837097447,23.6666666666667,0.845363248154243));
#1655=CARTESIAN_POINT('Ctrl Pts',(-10.6065837097447,23.,0.845363248154243));
#1656=CARTESIAN_POINT('',(-10.0461105698865,24.9999994859099,2.));
#1657=CARTESIAN_POINT('Ctrl Pts',(-10.6065837097447,24.9999994859099,0.845363248154243));
#1658=CARTESIAN_POINT('Ctrl Pts',(-10.5286166645918,24.9999994859099,0.93183848637027));
#1659=CARTESIAN_POINT('Ctrl Pts',(-10.4612742190606,24.9999994859099,1.01317154362312));
#1660=CARTESIAN_POINT('Ctrl Pts',(-10.2502521965906,24.9999994859099,1.28267628603728));
#1661=CARTESIAN_POINT('Ctrl Pts',(-10.1871682573841,24.9999994859099,1.40889700655404));
#1662=CARTESIAN_POINT('Ctrl Pts',(-10.1250978752431,24.9999994859099,1.58824427727563));
#1663=CARTESIAN_POINT('Ctrl Pts',(-10.0853085214318,24.9999994859099,1.72170235647943));
#1664=CARTESIAN_POINT('Ctrl Pts',(-10.0461105698865,24.9999994859099,2.));
#1665=CARTESIAN_POINT('',(-10.0461105698865,22.9999994859099,2.));
#1666=CARTESIAN_POINT('Ctrl Pts',(-10.0461105698865,-0.150000007124618,
2.));
#1667=CARTESIAN_POINT('Ctrl Pts',(-10.0461105698865,28.3499999928754,2.));
#1668=CARTESIAN_POINT('Ctrl Pts',(-10.0494190430495,-0.150000007124618,
1.97651049994677));
#1669=CARTESIAN_POINT('Ctrl Pts',(-10.0494190430495,28.3499999928754,1.97651049994677));
#1670=CARTESIAN_POINT('Ctrl Pts',(-10.0561633487671,-0.150000007124618,
1.93039852920263));
#1671=CARTESIAN_POINT('Ctrl Pts',(-10.0561633487671,28.3499999928754,1.93039852920263));
#1672=CARTESIAN_POINT('Ctrl Pts',(-10.0666617477012,-0.150000007124618,
1.86383186102323));
#1673=CARTESIAN_POINT('Ctrl Pts',(-10.0666617477012,28.3499999928754,1.86383186102323));
#1674=CARTESIAN_POINT('Ctrl Pts',(-10.081426676037,-0.150000007124618,1.78029072606718));
#1675=CARTESIAN_POINT('Ctrl Pts',(-10.081426676037,28.3499999928754,1.78029072606718));
#1676=CARTESIAN_POINT('Ctrl Pts',(-10.1013946519216,-0.150000007124618,
1.68432422427447));
#1677=CARTESIAN_POINT('Ctrl Pts',(-10.1013946519216,28.3499999928754,1.68432422427447));
#1678=CARTESIAN_POINT('Ctrl Pts',(-10.1235782227956,-0.150000007124618,
1.59595194966619));
#1679=CARTESIAN_POINT('Ctrl Pts',(-10.1235782227956,28.3499999928754,1.59595194966619));
#1680=CARTESIAN_POINT('Ctrl Pts',(-10.1493352724658,-0.150000007124618,
1.51338577708929));
#1681=CARTESIAN_POINT('Ctrl Pts',(-10.1493352724658,28.3499999928754,1.51338577708929));
#1682=CARTESIAN_POINT('Ctrl Pts',(-10.181014193124,-0.150000007124618,1.43340021262516));
#1683=CARTESIAN_POINT('Ctrl Pts',(-10.181014193124,28.3499999928754,1.43340021262516));
#1684=CARTESIAN_POINT('Ctrl Pts',(-10.2218118360186,-0.150000007124618,
1.35151683550942));
#1685=CARTESIAN_POINT('Ctrl Pts',(-10.2218118360186,28.3499999928754,1.35151683550942));
#1686=CARTESIAN_POINT('Ctrl Pts',(-10.2749015819416,-0.150000007124618,
1.26325903778002));
#1687=CARTESIAN_POINT('Ctrl Pts',(-10.2749015819416,28.3499999928754,1.26325903778002));
#1688=CARTESIAN_POINT('Ctrl Pts',(-10.3426944078007,-0.150000007124618,
1.165204721376));
#1689=CARTESIAN_POINT('Ctrl Pts',(-10.3426944078007,28.3499999928754,1.165204721376));
#1690=CARTESIAN_POINT('Ctrl Pts',(-10.4261127963162,-0.150000007124618,
1.05602199751305));
#1691=CARTESIAN_POINT('Ctrl Pts',(-10.4261127963162,28.3499999928754,1.05602199751305));
#1692=CARTESIAN_POINT('Ctrl Pts',(-10.5236395401503,-0.150000007124618,
0.937815547717209));
#1693=CARTESIAN_POINT('Ctrl Pts',(-10.5236395401503,28.3499999928754,0.937815547717209));
#1694=CARTESIAN_POINT('Ctrl Pts',(-10.6318940550743,-0.150000007124618,
0.81532530303068));
#1695=CARTESIAN_POINT('Ctrl Pts',(-10.6318940550743,28.3499999928754,0.81532530303068));
#1696=CARTESIAN_POINT('Ctrl Pts',(-10.7465854024199,-0.150000007124618,
0.694592412477152));
#1697=CARTESIAN_POINT('Ctrl Pts',(-10.7465854024199,28.3499999928754,0.694592412477152));
#1698=CARTESIAN_POINT('Ctrl Pts',(-10.8633430927053,-0.150000007124618,
0.581793730433378));
#1699=CARTESIAN_POINT('Ctrl Pts',(-10.8633430927053,28.3499999928754,0.581793730433378));
#1700=CARTESIAN_POINT('Ctrl Pts',(-10.9785404133197,-0.150000007124618,
0.482083468266718));
#1701=CARTESIAN_POINT('Ctrl Pts',(-10.9785404133197,28.3499999928754,0.482083468266718));
#1702=CARTESIAN_POINT('Ctrl Pts',(-11.0902485796129,-0.150000007124618,
0.398247839600438));
#1703=CARTESIAN_POINT('Ctrl Pts',(-11.0902485796129,28.3499999928754,0.398247839600438));
#1704=CARTESIAN_POINT('Ctrl Pts',(-11.1987605478881,-0.150000007124618,
0.329960780701274));
#1705=CARTESIAN_POINT('Ctrl Pts',(-11.1987605478881,28.3499999928754,0.329960780701274));
#1706=CARTESIAN_POINT('Ctrl Pts',(-11.3057827625151,-0.150000007124618,
0.274908301558273));
#1707=CARTESIAN_POINT('Ctrl Pts',(-11.3057827625151,28.3499999928754,0.274908301558273));
#1708=CARTESIAN_POINT('Ctrl Pts',(-11.4138653345521,-0.150000007124618,
0.229573169012798));
#1709=CARTESIAN_POINT('Ctrl Pts',(-11.4138653345521,28.3499999928754,0.229573169012798));
#1710=CARTESIAN_POINT('Ctrl Pts',(-11.5257755764074,-0.150000007124618,
0.19009805013891));
#1711=CARTESIAN_POINT('Ctrl Pts',(-11.5257755764074,28.3499999928754,0.19009805013891));
#1712=CARTESIAN_POINT('Ctrl Pts',(-11.6438391736769,-0.150000007124618,
0.153184102347408));
#1713=CARTESIAN_POINT('Ctrl Pts',(-11.6438391736769,28.3499999928754,0.153184102347408));
#1714=CARTESIAN_POINT('Ctrl Pts',(-11.7694806072539,-0.150000007124618,
0.116723934377222));
#1715=CARTESIAN_POINT('Ctrl Pts',(-11.7694806072539,28.3499999928754,0.116723934377222));
#1716=CARTESIAN_POINT('Ctrl Pts',(-11.9035073504193,-0.150000007124618,
0.0794473546017642));
#1717=CARTESIAN_POINT('Ctrl Pts',(-11.9035073504193,28.3499999928754,0.0794473546017642));
#1718=CARTESIAN_POINT('Ctrl Pts',(-12.0177098604991,-0.150000007124618,
0.0484820865757049));
#1719=CARTESIAN_POINT('Ctrl Pts',(-12.0177098604991,28.3499999928754,0.0484820865757049));
#1720=CARTESIAN_POINT('Ctrl Pts',(-12.1073197927905,-0.150000007124618,
0.0245251813288626));
#1721=CARTESIAN_POINT('Ctrl Pts',(-12.1073197927905,28.3499999928754,0.0245251813288626));
#1722=CARTESIAN_POINT('Ctrl Pts',(-12.1688141575785,-0.150000007124618,
0.00822918808217896));
#1723=CARTESIAN_POINT('Ctrl Pts',(-12.1688141575785,28.3499999928754,0.00822918808217896));
#1724=CARTESIAN_POINT('Ctrl Pts',(-12.1999999508262,-0.150000007124618,
0.));
#1725=CARTESIAN_POINT('Ctrl Pts',(-12.1999999508262,28.3499999928754,0.));
#1726=CARTESIAN_POINT('',(-12.1999999508262,25.,0.));
#1727=CARTESIAN_POINT('Ctrl Pts',(-12.1999999508262,25.,0.));
#1728=CARTESIAN_POINT('Ctrl Pts',(-11.5098690803593,25.,0.182109099783995));
#1729=CARTESIAN_POINT('Ctrl Pts',(-11.2988486120312,25.,0.258064862702433));
#1730=CARTESIAN_POINT('Ctrl Pts',(-10.9090714591926,25.,0.526213065558176));
#1731=CARTESIAN_POINT('Ctrl Pts',(-10.7385283455537,25.,0.699020087521056));
#1732=CARTESIAN_POINT('Ctrl Pts',(-10.6065837097447,25.,0.845363248154243));
#1733=CARTESIAN_POINT('',(-10.0461105698865,-0.150000007124618,2.));
#1734=CARTESIAN_POINT('',(-10.0461105698865,-0.150000007124618,2.));
#1735=CARTESIAN_POINT('',(-12.1999999508262,-0.150000007124618,0.));
#1736=CARTESIAN_POINT('Ctrl Pts',(-10.0461105698865,-0.150000007124618,
2.));
#1737=CARTESIAN_POINT('Ctrl Pts',(-10.0494190430495,-0.150000007124618,
1.97651049994677));
#1738=CARTESIAN_POINT('Ctrl Pts',(-10.0561633487671,-0.150000007124618,
1.93039852920263));
#1739=CARTESIAN_POINT('Ctrl Pts',(-10.0666617477012,-0.150000007124618,
1.86383186102323));
#1740=CARTESIAN_POINT('Ctrl Pts',(-10.081426676037,-0.150000007124618,1.78029072606718));
#1741=CARTESIAN_POINT('Ctrl Pts',(-10.1013946519216,-0.150000007124618,
1.68432422427447));
#1742=CARTESIAN_POINT('Ctrl Pts',(-10.1235782227956,-0.150000007124618,
1.59595194966619));
#1743=CARTESIAN_POINT('Ctrl Pts',(-10.1493352724658,-0.150000007124618,
1.51338577708929));
#1744=CARTESIAN_POINT('Ctrl Pts',(-10.181014193124,-0.150000007124618,1.43340021262516));
#1745=CARTESIAN_POINT('Ctrl Pts',(-10.2218118360186,-0.150000007124618,
1.35151683550942));
#1746=CARTESIAN_POINT('Ctrl Pts',(-10.2749015819416,-0.150000007124618,
1.26325903778002));
#1747=CARTESIAN_POINT('Ctrl Pts',(-10.3426944078007,-0.150000007124618,
1.165204721376));
#1748=CARTESIAN_POINT('Ctrl Pts',(-10.4261127963162,-0.150000007124618,
1.05602199751305));
#1749=CARTESIAN_POINT('Ctrl Pts',(-10.5236395401503,-0.150000007124618,
0.937815547717209));
#1750=CARTESIAN_POINT('Ctrl Pts',(-10.6318940550743,-0.150000007124618,
0.81532530303068));
#1751=CARTESIAN_POINT('Ctrl Pts',(-10.7465854024199,-0.150000007124618,
0.694592412477152));
#1752=CARTESIAN_POINT('Ctrl Pts',(-10.8633430927053,-0.150000007124618,
0.581793730433378));
#1753=CARTESIAN_POINT('Ctrl Pts',(-10.9785404133197,-0.150000007124618,
0.482083468266718));
#1754=CARTESIAN_POINT('Ctrl Pts',(-11.0902485796129,-0.150000007124618,
0.398247839600438));
#1755=CARTESIAN_POINT('Ctrl Pts',(-11.1987605478881,-0.150000007124618,
0.329960780701274));
#1756=CARTESIAN_POINT('Ctrl Pts',(-11.3057827625151,-0.150000007124618,
0.274908301558273));
#1757=CARTESIAN_POINT('Ctrl Pts',(-11.4138653345521,-0.150000007124618,
0.229573169012798));
#1758=CARTESIAN_POINT('Ctrl Pts',(-11.5257755764074,-0.150000007124618,
0.19009805013891));
#1759=CARTESIAN_POINT('Ctrl Pts',(-11.6438391736769,-0.150000007124618,
0.153184102347408));
#1760=CARTESIAN_POINT('Ctrl Pts',(-11.7694806072539,-0.150000007124618,
0.116723934377222));
#1761=CARTESIAN_POINT('Ctrl Pts',(-11.9035073504193,-0.150000007124618,
0.0794473546017642));
#1762=CARTESIAN_POINT('Ctrl Pts',(-12.0177098604991,-0.150000007124618,
0.0484820865757049));
#1763=CARTESIAN_POINT('Ctrl Pts',(-12.1073197927905,-0.150000007124618,
0.0245251813288626));
#1764=CARTESIAN_POINT('Ctrl Pts',(-12.1688141575785,-0.150000007124618,
0.00822918808217896));
#1765=CARTESIAN_POINT('Ctrl Pts',(-12.1999999508262,-0.150000007124618,
0.));
#1766=CARTESIAN_POINT('',(-12.1999999508262,-0.150000007124618,0.));
#1767=CARTESIAN_POINT('Origin',(-22.5999993830919,25.,17.5599447102119));
#1768=CARTESIAN_POINT('',(-11.435084174925,24.9999994859099,2.));
#1769=CARTESIAN_POINT('',(-11.435084174925,22.9999994859099,2.));
#1770=CARTESIAN_POINT('',(-11.435084174925,23.999999742955,2.));
#1771=CARTESIAN_POINT('',(-22.5999993830919,25.,17.5599447102119));
#1772=CARTESIAN_POINT('',(-10.,25.,0.));
#1773=CARTESIAN_POINT('',(-22.5999993830919,23.,17.5599447102119));
#1774=CARTESIAN_POINT('',(-22.5999993830919,-0.4,17.5599447102119));
#1775=CARTESIAN_POINT('',(-10.,23.,0.));
#1776=CARTESIAN_POINT('Origin',(-23.8000006554648,11.4249997393927,2.));
#1777=CARTESIAN_POINT('',(-37.6000013109297,24.9999994859099,2.));
#1778=CARTESIAN_POINT('',(-22.5999993830919,22.9999994859099,2.));
#1779=CARTESIAN_POINT('',(-20.0500001735054,23.,2.));
#1780=CARTESIAN_POINT('',(-22.5999993830919,22.9790285274273,2.));
#1781=CARTESIAN_POINT('',(-22.5999993830919,17.7072570015531,2.));
#1782=CARTESIAN_POINT('',(-30.7000000192784,22.9790285274273,2.));
#1783=CARTESIAN_POINT('',(-10.,-0.150000007124618,2.));
#1784=CARTESIAN_POINT('Origin',(-10.,-0.150000007124618,0.));
#1785=CARTESIAN_POINT('',(-10.,-0.150000007124618,0.));
#1786=CARTESIAN_POINT('Origin',(-16.299999691546,23.,8.77997235510597));
#1787=CARTESIAN_POINT('',(-22.5999993830919,23.,8.77997235510597));
#1788=CARTESIAN_POINT('Origin',(-22.5999993830919,23.9895142637136,8.77997235510597));
#1789=CARTESIAN_POINT('',(-22.5999993830919,22.9790285274273,17.5599447102119));
#1790=CARTESIAN_POINT('',(-22.5999993830919,-0.4,17.5599447102119));
#1791=CARTESIAN_POINT('',(-22.5999993830919,22.9790285274273,17.5599447102119));
#1792=CARTESIAN_POINT('Origin',(-37.5999993830919,22.9790285274273,0.));
#1793=CARTESIAN_POINT('',(-37.5999993830919,22.9790285274273,17.5599447102119));
#1794=CARTESIAN_POINT('Origin',(-38.9284202717394,3.59999999329448,32.1999992802739));
#1795=CARTESIAN_POINT('',(-39.8999993316829,3.59999999329448,31.0999993048608));
#1796=CARTESIAN_POINT('',(-39.8999993316829,3.59999999329448,24.8799719952429));
#1797=CARTESIAN_POINT('Ctrl Pts',(-39.8999993316829,3.59999999329448,31.0999993048608));
#1798=CARTESIAN_POINT('Ctrl Pts',(-39.898472443537,3.59999999329448,31.1193319421776));
#1799=CARTESIAN_POINT('Ctrl Pts',(-39.8967237357928,3.59999999329448,31.138706023245));
#1800=CARTESIAN_POINT('Ctrl Pts',(-39.8947532085993,3.59999999329448,31.1581215480493));
#1801=CARTESIAN_POINT('Ctrl Pts',(-39.8925606680686,3.59999999329448,31.1775785528085));
#1802=CARTESIAN_POINT('Ctrl Pts',(-39.890145680629,3.59999999329448,31.1970770207653));
#1803=CARTESIAN_POINT('Ctrl Pts',(-39.8999993316829,-0.200000006705523,
31.0999993048608));
#1804=CARTESIAN_POINT('Ctrl Pts',(-39.8999993316829,3.59999999329448,31.0999993048608));
#1805=CARTESIAN_POINT('Ctrl Pts',(-39.8981330403296,-0.200000006705523,
31.1236292832304));
#1806=CARTESIAN_POINT('Ctrl Pts',(-39.8981330403296,3.59999999329448,31.1236292832304));
#1807=CARTESIAN_POINT('Ctrl Pts',(-39.893737670059,-0.200000006705523,31.1710130721409));
#1808=CARTESIAN_POINT('Ctrl Pts',(-39.893737670059,3.59999999329448,31.1710130721409));
#1809=CARTESIAN_POINT('Ctrl Pts',(-39.8851562535931,-0.200000006705523,
31.2424602518702));
#1810=CARTESIAN_POINT('Ctrl Pts',(-39.8851562535931,3.59999999329448,31.2424602518702));
#1811=CARTESIAN_POINT('Ctrl Pts',(-39.8697272553396,-0.200000006705523,
31.338468091145));
#1812=CARTESIAN_POINT('Ctrl Pts',(-39.8697272553396,3.59999999329448,31.338468091145));
#1813=CARTESIAN_POINT('Ctrl Pts',(-39.8437029423043,-0.200000006705523,
31.4597047959428));
#1814=CARTESIAN_POINT('Ctrl Pts',(-39.8437029423043,3.59999999329448,31.4597047959428));
#1815=CARTESIAN_POINT('Ctrl Pts',(-39.8107673545655,-0.200000006705523,
31.5821044860601));
#1816=CARTESIAN_POINT('Ctrl Pts',(-39.8107673545655,3.59999999329448,31.5821044860601));
#1817=CARTESIAN_POINT('Ctrl Pts',(-39.7706551144639,-0.200000006705523,
31.7055234823147));
#1818=CARTESIAN_POINT('Ctrl Pts',(-39.7706551144639,3.59999999329448,31.7055234823147));
#1819=CARTESIAN_POINT('Ctrl Pts',(-39.7229982782691,-0.200000006705523,
31.8297067256933));
#1820=CARTESIAN_POINT('Ctrl Pts',(-39.7229982782691,3.59999999329448,31.8297067256933));
#1821=CARTESIAN_POINT('Ctrl Pts',(-39.6673176023816,-0.200000006705523,
31.9542553121392));
#1822=CARTESIAN_POINT('Ctrl Pts',(-39.6673176023816,3.59999999329448,31.9542553121392));
#1823=CARTESIAN_POINT('Ctrl Pts',(-39.6031105947025,-0.200000006705523,
32.0786223459477));
#1824=CARTESIAN_POINT('Ctrl Pts',(-39.6031105947025,3.59999999329448,32.0786223459477));
#1825=CARTESIAN_POINT('Ctrl Pts',(-39.5299404492622,-0.200000006705523,
32.202108646129));
#1826=CARTESIAN_POINT('Ctrl Pts',(-39.5299404492622,3.59999999329448,32.202108646129));
#1827=CARTESIAN_POINT('Ctrl Pts',(-39.4475309720219,-0.200000006705523,
32.3238544888033));
#1828=CARTESIAN_POINT('Ctrl Pts',(-39.4475309720219,3.59999999329448,32.3238544888033));
#1829=CARTESIAN_POINT('Ctrl Pts',(-39.3558594481591,-0.200000006705523,
32.4428371258814));
#1830=CARTESIAN_POINT('Ctrl Pts',(-39.3558594481591,3.59999999329448,32.4428371258814));
#1831=CARTESIAN_POINT('Ctrl Pts',(-39.2552700003296,-0.200000006705523,
32.5578504989495));
#1832=CARTESIAN_POINT('Ctrl Pts',(-39.2552700003296,3.59999999329448,32.5578504989495));
#1833=CARTESIAN_POINT('Ctrl Pts',(-39.1465026752433,-0.200000006705523,
32.667580918252));
#1834=CARTESIAN_POINT('Ctrl Pts',(-39.1465026752433,3.59999999329448,32.667580918252));
#1835=CARTESIAN_POINT('Ctrl Pts',(-39.0306958177941,-0.200000006705523,
32.7707134102438));
#1836=CARTESIAN_POINT('Ctrl Pts',(-39.0306958177941,3.59999999329448,32.7707134102438));
#1837=CARTESIAN_POINT('Ctrl Pts',(-38.9094096308736,-0.200000006705523,
32.8660330045193));
#1838=CARTESIAN_POINT('Ctrl Pts',(-38.9094096308736,3.59999999329448,32.8660330045193));
#1839=CARTESIAN_POINT('Ctrl Pts',(-38.7846383916964,-0.200000006705523,
32.9525244468074));
#1840=CARTESIAN_POINT('Ctrl Pts',(-38.7846383916964,3.59999999329448,32.9525244468074));
#1841=CARTESIAN_POINT('Ctrl Pts',(-38.6588599290464,-0.200000006705523,
33.029495304379));
#1842=CARTESIAN_POINT('Ctrl Pts',(-38.6588599290464,3.59999999329448,33.029495304379));
#1843=CARTESIAN_POINT('Ctrl Pts',(-38.5349977383276,-0.200000006705523,
33.0966410258601));
#1844=CARTESIAN_POINT('Ctrl Pts',(-38.5349977383276,3.59999999329448,33.0966410258601));
#1845=CARTESIAN_POINT('Ctrl Pts',(-38.4161213513069,-0.200000006705523,
33.1539259417093));
#1846=CARTESIAN_POINT('Ctrl Pts',(-38.4161213513069,3.59999999329448,33.1539259417093));
#1847=CARTESIAN_POINT('Ctrl Pts',(-38.3051888931186,-0.200000006705523,
33.2015025325135));
#1848=CARTESIAN_POINT('Ctrl Pts',(-38.3051888931186,3.59999999329448,33.2015025325135));
#1849=CARTESIAN_POINT('Ctrl Pts',(-38.2047814800889,-0.200000006705523,
33.2396235828894));
#1850=CARTESIAN_POINT('Ctrl Pts',(-38.2047814800889,3.59999999329448,33.2396235828894));
#1851=CARTESIAN_POINT('Ctrl Pts',(-38.1168093434866,-0.200000006705523,
33.2685601468396));
#1852=CARTESIAN_POINT('Ctrl Pts',(-38.1168093434866,3.59999999329448,33.2685601468396));
#1853=CARTESIAN_POINT('Ctrl Pts',(-38.0487043773821,-0.200000006705523,
33.2868129128689));
#1854=CARTESIAN_POINT('Ctrl Pts',(-38.0487043773821,3.59999999329448,33.2868129128689));
#1855=CARTESIAN_POINT('Ctrl Pts',(-38.0043511768732,-0.200000006705523,
33.2954628968167));
#1856=CARTESIAN_POINT('Ctrl Pts',(-38.0043511768732,3.59999999329448,33.2954628968167));
#1857=CARTESIAN_POINT('Ctrl Pts',(-37.9770266156458,-0.200000006705523,
33.2988116699459));
#1858=CARTESIAN_POINT('Ctrl Pts',(-37.9770266156458,3.59999999329448,33.2988116699459));
#1859=CARTESIAN_POINT('Ctrl Pts',(-37.962051148662,-0.200000006705523,33.2997864377426));
#1860=CARTESIAN_POINT('Ctrl Pts',(-37.962051148662,3.59999999329448,33.2997864377426));
#1861=CARTESIAN_POINT('Ctrl Pts',(-37.9568411603869,-0.200000006705523,
33.299999255687));
#1862=CARTESIAN_POINT('Ctrl Pts',(-37.9568411603869,3.59999999329448,33.299999255687));
#1863=CARTESIAN_POINT('',(-39.8999993316829,-0.200000006705523,31.0999993048608));
#1864=CARTESIAN_POINT('',(-39.8999993316829,-0.200000006705523,31.0999993048608));
#1865=CARTESIAN_POINT('',(-37.9568411603869,-0.200000006705523,33.299999255687));
#1866=CARTESIAN_POINT('Ctrl Pts',(-39.8999993316829,-0.200000006705523,
31.0999993048608));
#1867=CARTESIAN_POINT('Ctrl Pts',(-39.8981330403296,-0.200000006705523,
31.1236292832304));
#1868=CARTESIAN_POINT('Ctrl Pts',(-39.893737670059,-0.200000006705523,31.1710130721409));
#1869=CARTESIAN_POINT('Ctrl Pts',(-39.8851562535931,-0.200000006705523,
31.2424602518702));
#1870=CARTESIAN_POINT('Ctrl Pts',(-39.8697272553396,-0.200000006705523,
31.338468091145));
#1871=CARTESIAN_POINT('Ctrl Pts',(-39.8437029423043,-0.200000006705523,
31.4597047959428));
#1872=CARTESIAN_POINT('Ctrl Pts',(-39.8107673545655,-0.200000006705523,
31.5821044860601));
#1873=CARTESIAN_POINT('Ctrl Pts',(-39.7706551144639,-0.200000006705523,
31.7055234823147));
#1874=CARTESIAN_POINT('Ctrl Pts',(-39.7229982782691,-0.200000006705523,
31.8297067256933));
#1875=CARTESIAN_POINT('Ctrl Pts',(-39.6673176023816,-0.200000006705523,
31.9542553121392));
#1876=CARTESIAN_POINT('Ctrl Pts',(-39.6031105947025,-0.200000006705523,
32.0786223459477));
#1877=CARTESIAN_POINT('Ctrl Pts',(-39.5299404492622,-0.200000006705523,
32.202108646129));
#1878=CARTESIAN_POINT('Ctrl Pts',(-39.4475309720219,-0.200000006705523,
32.3238544888033));
#1879=CARTESIAN_POINT('Ctrl Pts',(-39.3558594481591,-0.200000006705523,
32.4428371258814));
#1880=CARTESIAN_POINT('Ctrl Pts',(-39.2552700003296,-0.200000006705523,
32.5578504989495));
#1881=CARTESIAN_POINT('Ctrl Pts',(-39.1465026752433,-0.200000006705523,
32.667580918252));
#1882=CARTESIAN_POINT('Ctrl Pts',(-39.0306958177941,-0.200000006705523,
32.7707134102438));
#1883=CARTESIAN_POINT('Ctrl Pts',(-38.9094096308736,-0.200000006705523,
32.8660330045193));
#1884=CARTESIAN_POINT('Ctrl Pts',(-38.7846383916964,-0.200000006705523,
32.9525244468074));
#1885=CARTESIAN_POINT('Ctrl Pts',(-38.6588599290464,-0.200000006705523,
33.029495304379));
#1886=CARTESIAN_POINT('Ctrl Pts',(-38.5349977383276,-0.200000006705523,
33.0966410258601));
#1887=CARTESIAN_POINT('Ctrl Pts',(-38.4161213513069,-0.200000006705523,
33.1539259417093));
#1888=CARTESIAN_POINT('Ctrl Pts',(-38.3051888931186,-0.200000006705523,
33.2015025325135));
#1889=CARTESIAN_POINT('Ctrl Pts',(-38.2047814800889,-0.200000006705523,
33.2396235828894));
#1890=CARTESIAN_POINT('Ctrl Pts',(-38.1168093434866,-0.200000006705523,
33.2685601468396));
#1891=CARTESIAN_POINT('Ctrl Pts',(-38.0487043773821,-0.200000006705523,
33.2868129128689));
#1892=CARTESIAN_POINT('Ctrl Pts',(-38.0043511768732,-0.200000006705523,
33.2954628968167));
#1893=CARTESIAN_POINT('Ctrl Pts',(-37.9770266156458,-0.200000006705523,
33.2988116699459));
#1894=CARTESIAN_POINT('Ctrl Pts',(-37.962051148662,-0.200000006705523,33.2997864377426));
#1895=CARTESIAN_POINT('Ctrl Pts',(-37.9568411603869,-0.200000006705523,
33.299999255687));
#1896=CARTESIAN_POINT('',(-37.9568411603869,-0.200000006705523,33.299999255687));
#1897=CARTESIAN_POINT('Origin',(-37.5999993830919,25.000000372529,17.5599447102119));
#1898=CARTESIAN_POINT('',(-39.8999993316829,25.,17.5599447102119));
#1899=CARTESIAN_POINT('',(-37.5999993830919,25.,17.5599447102119));
#1900=CARTESIAN_POINT('',(-39.8999993830919,25.000000372529,17.5599447102119));
#1901=CARTESIAN_POINT('Origin',(-37.5999993830919,-0.200000006705523,33.299999255687));
#1902=CARTESIAN_POINT('',(-39.8999993830919,-0.200000006705523,17.5599447102119));
#1903=CARTESIAN_POINT('',(-39.8999993830919,-0.200000006705523,33.299999255687));
#1904=CARTESIAN_POINT('',(-37.5999993830919,-0.200000006705523,17.5599447102119));
#1905=CARTESIAN_POINT('',(-37.5999993830919,-0.200000006705523,33.299999255687));
#1906=CARTESIAN_POINT('Origin',(-39.8999993830919,0.299999993294477,33.299999255687));
#1907=CARTESIAN_POINT('Origin',(-37.5999993830919,0.,17.5599447102119));
#1908=CARTESIAN_POINT('',(-39.8999993316829,-0.4,17.5599447102119));
#1909=CARTESIAN_POINT('',(-39.8999993316829,0.,17.5599447102119));
#1910=CARTESIAN_POINT('',(-37.5999993830919,-0.4,17.5599447102119));
#1911=CARTESIAN_POINT('Origin',(-37.5999993830919,0.,17.5599447102119));
#1912=CARTESIAN_POINT('',(-37.5999993830919,25.,17.5599447102119));
#1913=CARTESIAN_POINT('Origin',(-37.5999993830919,25.,0.));
#1914=CARTESIAN_POINT('',(-37.5999993830919,25.,0.));
#1915=CARTESIAN_POINT('',(-37.5999993830919,0.,0.));
#1916=CARTESIAN_POINT('',(-37.5999993830919,25.,0.));
#1917=CARTESIAN_POINT('Origin',(-38.7499993573874,-0.4,8.77905943192217));
#1918=CARTESIAN_POINT('',(-39.8999993316829,-0.4,2.29999994859099));
#1919=CARTESIAN_POINT('',(-39.8999993316829,-0.4,17.5599447102119));
#1920=CARTESIAN_POINT('Ctrl Pts',(-37.5999993830919,-0.4,0.));
#1921=CARTESIAN_POINT('Ctrl Pts',(-37.6160170291243,-0.4,-0.00100143183862741));
#1922=CARTESIAN_POINT('Ctrl Pts',(-37.6493641619386,-0.4,-0.00182584636759151));
#1923=CARTESIAN_POINT('Ctrl Pts',(-37.7033204849195,-0.4,0.000472921415923039));
#1924=CARTESIAN_POINT('Ctrl Pts',(-37.7831531557082,-0.4,0.0106268063541877));
#1925=CARTESIAN_POINT('Ctrl Pts',(-37.8959911222132,-0.4,0.0351737560981686));
#1926=CARTESIAN_POINT('Ctrl Pts',(-38.0213352001631,-0.4,0.0714990478207517));
#1927=CARTESIAN_POINT('Ctrl Pts',(-38.1579660841925,-0.4,0.119315998111431));
#1928=CARTESIAN_POINT('Ctrl Pts',(-38.3036218092575,-0.4,0.177979006542096));
#1929=CARTESIAN_POINT('Ctrl Pts',(-38.4550086421755,-0.4,0.246494815500826));
#1930=CARTESIAN_POINT('Ctrl Pts',(-38.6083122091485,-0.4,0.323747041978952));
#1931=CARTESIAN_POINT('Ctrl Pts',(-38.7595762204617,-0.4,0.408662414144207));
#1932=CARTESIAN_POINT('Ctrl Pts',(-38.9051292089965,-0.4,0.500395545857725));
#1933=CARTESIAN_POINT('Ctrl Pts',(-39.0419965093002,-0.4,0.598506310412771));
#1934=CARTESIAN_POINT('Ctrl Pts',(-39.168316807733,-0.4,0.703134452119279));
#1935=CARTESIAN_POINT('Ctrl Pts',(-39.2831225667721,-0.4,0.814680500515305));
#1936=CARTESIAN_POINT('Ctrl Pts',(-39.3861458238771,-0.4,0.933505511463617));
#1937=CARTESIAN_POINT('Ctrl Pts',(-39.477624747973,-0.4,1.05960359675073));
#1938=CARTESIAN_POINT('Ctrl Pts',(-39.5581274832783,-0.4,1.19231994232064));
#1939=CARTESIAN_POINT('Ctrl Pts',(-39.6283627360057,-0.4,1.32993734516053));
#1940=CARTESIAN_POINT('Ctrl Pts',(-39.6890915489408,-0.4,1.46988468845515));
#1941=CARTESIAN_POINT('Ctrl Pts',(-39.7410827194798,-0.4,1.60918412875347));
#1942=CARTESIAN_POINT('Ctrl Pts',(-39.7850566596476,-0.4,1.74483132321135));
#1943=CARTESIAN_POINT('Ctrl Pts',(-39.8216417328967,-0.4,1.87416461509614));
#1944=CARTESIAN_POINT('Ctrl Pts',(-39.8513183431257,-0.4,1.99533533661509));
#1945=CARTESIAN_POINT('Ctrl Pts',(-39.8744127941375,-0.4,2.10734274993092));
#1946=CARTESIAN_POINT('Ctrl Pts',(-39.887784747472,-0.4,2.18925661706484));
#1947=CARTESIAN_POINT('Ctrl Pts',(-39.8949880301732,-0.4,2.24632310418878));
#1948=CARTESIAN_POINT('Ctrl Pts',(-39.8985376590123,-0.4,2.28243048158698));
#1949=CARTESIAN_POINT('Ctrl Pts',(-39.8999993316829,-0.4,2.29999994859099));
#1950=CARTESIAN_POINT('Ctrl Pts',(-39.8999993316829,-0.4,2.29999994859099));
#1951=CARTESIAN_POINT('Ctrl Pts',(-39.8999993316829,25.,2.29999994859099));
#1952=CARTESIAN_POINT('Ctrl Pts',(-39.8985376590123,-0.4,2.28243048158698));
#1953=CARTESIAN_POINT('Ctrl Pts',(-39.8985376590123,25.,2.28243048158698));
#1954=CARTESIAN_POINT('Ctrl Pts',(-39.8949880301732,-0.4,2.24632310418878));
#1955=CARTESIAN_POINT('Ctrl Pts',(-39.8949880301732,25.,2.24632310418878));
#1956=CARTESIAN_POINT('Ctrl Pts',(-39.887784747472,-0.4,2.18925661706484));
#1957=CARTESIAN_POINT('Ctrl Pts',(-39.887784747472,25.,2.18925661706484));
#1958=CARTESIAN_POINT('Ctrl Pts',(-39.8744127941375,-0.4,2.10734274993092));
#1959=CARTESIAN_POINT('Ctrl Pts',(-39.8744127941375,25.,2.10734274993092));
#1960=CARTESIAN_POINT('Ctrl Pts',(-39.8513183431257,-0.4,1.99533533661509));
#1961=CARTESIAN_POINT('Ctrl Pts',(-39.8513183431257,25.,1.99533533661509));
#1962=CARTESIAN_POINT('Ctrl Pts',(-39.8216417328967,-0.4,1.87416461509614));
#1963=CARTESIAN_POINT('Ctrl Pts',(-39.8216417328967,25.,1.87416461509614));
#1964=CARTESIAN_POINT('Ctrl Pts',(-39.7850566596476,-0.4,1.74483132321135));
#1965=CARTESIAN_POINT('Ctrl Pts',(-39.7850566596476,25.,1.74483132321135));
#1966=CARTESIAN_POINT('Ctrl Pts',(-39.7410827194798,-0.4,1.60918412875347));
#1967=CARTESIAN_POINT('Ctrl Pts',(-39.7410827194798,25.,1.60918412875347));
#1968=CARTESIAN_POINT('Ctrl Pts',(-39.6890915489408,-0.4,1.46988468845515));
#1969=CARTESIAN_POINT('Ctrl Pts',(-39.6890915489408,25.,1.46988468845515));
#1970=CARTESIAN_POINT('Ctrl Pts',(-39.6283627360057,-0.4,1.32993734516053));
#1971=CARTESIAN_POINT('Ctrl Pts',(-39.6283627360057,25.,1.32993734516053));
#1972=CARTESIAN_POINT('Ctrl Pts',(-39.5581274832783,-0.4,1.19231994232064));
#1973=CARTESIAN_POINT('Ctrl Pts',(-39.5581274832783,25.,1.19231994232064));
#1974=CARTESIAN_POINT('Ctrl Pts',(-39.477624747973,-0.4,1.05960359675073));
#1975=CARTESIAN_POINT('Ctrl Pts',(-39.477624747973,25.,1.05960359675073));
#1976=CARTESIAN_POINT('Ctrl Pts',(-39.3861458238771,-0.4,0.933505511463617));
#1977=CARTESIAN_POINT('Ctrl Pts',(-39.3861458238771,25.,0.933505511463617));
#1978=CARTESIAN_POINT('Ctrl Pts',(-39.2831225667721,-0.4,0.814680500515305));
#1979=CARTESIAN_POINT('Ctrl Pts',(-39.2831225667721,25.,0.814680500515305));
#1980=CARTESIAN_POINT('Ctrl Pts',(-39.168316807733,-0.4,0.703134452119279));
#1981=CARTESIAN_POINT('Ctrl Pts',(-39.168316807733,25.,0.703134452119279));
#1982=CARTESIAN_POINT('Ctrl Pts',(-39.0419965093002,-0.4,0.598506310412771));
#1983=CARTESIAN_POINT('Ctrl Pts',(-39.0419965093002,25.,0.598506310412771));
#1984=CARTESIAN_POINT('Ctrl Pts',(-38.9051292089965,-0.4,0.500395545857725));
#1985=CARTESIAN_POINT('Ctrl Pts',(-38.9051292089965,25.,0.500395545857725));
#1986=CARTESIAN_POINT('Ctrl Pts',(-38.7595762204617,-0.4,0.408662414144207));
#1987=CARTESIAN_POINT('Ctrl Pts',(-38.7595762204617,25.,0.408662414144207));
#1988=CARTESIAN_POINT('Ctrl Pts',(-38.6083122091485,-0.4,0.323747041978952));
#1989=CARTESIAN_POINT('Ctrl Pts',(-38.6083122091485,25.,0.323747041978952));
#1990=CARTESIAN_POINT('Ctrl Pts',(-38.4550086421755,-0.4,0.246494815500826));
#1991=CARTESIAN_POINT('Ctrl Pts',(-38.4550086421755,25.,0.246494815500826));
#1992=CARTESIAN_POINT('Ctrl Pts',(-38.3036218092575,-0.4,0.177979006542096));
#1993=CARTESIAN_POINT('Ctrl Pts',(-38.3036218092575,25.,0.177979006542096));
#1994=CARTESIAN_POINT('Ctrl Pts',(-38.1579660841925,-0.4,0.119315998111431));
#1995=CARTESIAN_POINT('Ctrl Pts',(-38.1579660841925,25.,0.119315998111431));
#1996=CARTESIAN_POINT('Ctrl Pts',(-38.0213352001631,-0.4,0.0714990478207517));
#1997=CARTESIAN_POINT('Ctrl Pts',(-38.0213352001631,25.,0.0714990478207517));
#1998=CARTESIAN_POINT('Ctrl Pts',(-37.8959911222132,-0.4,0.0351737560981686));
#1999=CARTESIAN_POINT('Ctrl Pts',(-37.8959911222132,25.,0.0351737560981686));
#2000=CARTESIAN_POINT('Ctrl Pts',(-37.7831531557082,-0.4,0.0106268063541877));
#2001=CARTESIAN_POINT('Ctrl Pts',(-37.7831531557082,25.,0.0106268063541877));
#2002=CARTESIAN_POINT('Ctrl Pts',(-37.7033204849195,-0.4,0.000472921415923039));
#2003=CARTESIAN_POINT('Ctrl Pts',(-37.7033204849195,25.,0.000472921415923039));
#2004=CARTESIAN_POINT('Ctrl Pts',(-37.6493641619386,-0.4,-0.00182584636759151));
#2005=CARTESIAN_POINT('Ctrl Pts',(-37.6493641619386,25.,-0.00182584636759151));
#2006=CARTESIAN_POINT('Ctrl Pts',(-37.6160170291243,-0.4,-0.00100143183862741));
#2007=CARTESIAN_POINT('Ctrl Pts',(-37.6160170291243,25.,-0.00100143183862741));
#2008=CARTESIAN_POINT('Ctrl Pts',(-37.5999993830919,-0.4,0.));
#2009=CARTESIAN_POINT('Ctrl Pts',(-37.5999993830919,25.,0.));
#2010=CARTESIAN_POINT('',(-39.8999993316829,25.,2.29999994859099));
#2011=CARTESIAN_POINT('',(-39.8999993316829,0.,2.29999994859099));
#2012=CARTESIAN_POINT('Ctrl Pts',(-39.8999993316829,25.,2.29999994859099));
#2013=CARTESIAN_POINT('Ctrl Pts',(-39.8985376590123,25.,2.28243048158698));
#2014=CARTESIAN_POINT('Ctrl Pts',(-39.8949880301732,25.,2.24632310418878));
#2015=CARTESIAN_POINT('Ctrl Pts',(-39.887784747472,25.,2.18925661706484));
#2016=CARTESIAN_POINT('Ctrl Pts',(-39.8744127941375,25.,2.10734274993092));
#2017=CARTESIAN_POINT('Ctrl Pts',(-39.8513183431257,25.,1.99533533661509));
#2018=CARTESIAN_POINT('Ctrl Pts',(-39.8216417328967,25.,1.87416461509614));
#2019=CARTESIAN_POINT('Ctrl Pts',(-39.7850566596476,25.,1.74483132321135));
#2020=CARTESIAN_POINT('Ctrl Pts',(-39.7410827194798,25.,1.60918412875347));
#2021=CARTESIAN_POINT('Ctrl Pts',(-39.6890915489408,25.,1.46988468845515));
#2022=CARTESIAN_POINT('Ctrl Pts',(-39.6283627360057,25.,1.32993734516053));
#2023=CARTESIAN_POINT('Ctrl Pts',(-39.5581274832783,25.,1.19231994232064));
#2024=CARTESIAN_POINT('Ctrl Pts',(-39.477624747973,25.,1.05960359675073));
#2025=CARTESIAN_POINT('Ctrl Pts',(-39.3861458238771,25.,0.933505511463617));
#2026=CARTESIAN_POINT('Ctrl Pts',(-39.2831225667721,25.,0.814680500515305));
#2027=CARTESIAN_POINT('Ctrl Pts',(-39.168316807733,25.,0.703134452119279));
#2028=CARTESIAN_POINT('Ctrl Pts',(-39.0419965093002,25.,0.598506310412771));
#2029=CARTESIAN_POINT('Ctrl Pts',(-38.9051292089965,25.,0.500395545857725));
#2030=CARTESIAN_POINT('Ctrl Pts',(-38.7595762204617,25.,0.408662414144207));
#2031=CARTESIAN_POINT('Ctrl Pts',(-38.6083122091485,25.,0.323747041978952));
#2032=CARTESIAN_POINT('Ctrl Pts',(-38.4550086421755,25.,0.246494815500826));
#2033=CARTESIAN_POINT('Ctrl Pts',(-38.3036218092575,25.,0.177979006542096));
#2034=CARTESIAN_POINT('Ctrl Pts',(-38.1579660841925,25.,0.119315998111431));
#2035=CARTESIAN_POINT('Ctrl Pts',(-38.0213352001631,25.,0.0714990478207517));
#2036=CARTESIAN_POINT('Ctrl Pts',(-37.8959911222132,25.,0.0351737560981686));
#2037=CARTESIAN_POINT('Ctrl Pts',(-37.7831531557082,25.,0.0106268063541877));
#2038=CARTESIAN_POINT('Ctrl Pts',(-37.7033204849195,25.,0.000472921415923039));
#2039=CARTESIAN_POINT('Ctrl Pts',(-37.6493641619386,25.,-0.00182584636759151));
#2040=CARTESIAN_POINT('Ctrl Pts',(-37.6160170291243,25.,-0.00100143183862741));
#2041=CARTESIAN_POINT('Ctrl Pts',(-37.5999993830919,25.,0.));
#2042=CARTESIAN_POINT('Origin',(-39.8999993316829,0.,17.5599447102119));
#2043=CARTESIAN_POINT('',(-39.8999993316829,25.,17.5599447102119));
#2044=CARTESIAN_POINT('Origin',(-38.7499993573874,25.,8.77905943192217));
#2045=UNCERTAINTY_MEASURE_WITH_UNIT(LENGTH_MEASURE(0.01),#2049,
'DISTANCE_ACCURACY_VALUE',
'Maximum model space distance between geometric entities at asserted c
onnectivities');
#2046=UNCERTAINTY_MEASURE_WITH_UNIT(LENGTH_MEASURE(0.01),#2049,
'DISTANCE_ACCURACY_VALUE',
'Maximum model space distance between geometric entities at asserted c
onnectivities');
#2047=(
GEOMETRIC_REPRESENTATION_CONTEXT(3)
GLOBAL_UNCERTAINTY_ASSIGNED_CONTEXT((#2045))
GLOBAL_UNIT_ASSIGNED_CONTEXT((#2049,#2051,#2052))
REPRESENTATION_CONTEXT('','3D')
);
#2048=(
GEOMETRIC_REPRESENTATION_CONTEXT(3)
GLOBAL_UNCERTAINTY_ASSIGNED_CONTEXT((#2046))
GLOBAL_UNIT_ASSIGNED_CONTEXT((#2049,#2051,#2052))
REPRESENTATION_CONTEXT('','3D')
);
#2049=(
LENGTH_UNIT()
NAMED_UNIT(*)
SI_UNIT(.MILLI.,.METRE.)
);
#2050=(
LENGTH_UNIT()
NAMED_UNIT(*)
SI_UNIT($,.METRE.)
);
#2051=(
NAMED_UNIT(*)
PLANE_ANGLE_UNIT()
SI_UNIT($,.RADIAN.)
);
#2052=(
NAMED_UNIT(*)
SI_UNIT($,.STERADIAN.)
SOLID_ANGLE_UNIT()
);
#2053=SHAPE_DEFINITION_REPRESENTATION(#2054,#2055);
#2054=PRODUCT_DEFINITION_SHAPE('',$,#2057);
#2055=SHAPE_REPRESENTATION('',(#885),#2047);
#2056=PRODUCT_DEFINITION_CONTEXT('part definition',#2061,'design');
#2057=PRODUCT_DEFINITION('Peg Board Ruler','Peg Board Ruler v1',#2058,#2056);
#2058=PRODUCT_DEFINITION_FORMATION('',$,#2063);
#2059=PRODUCT_RELATED_PRODUCT_CATEGORY('Peg Board Ruler v1',
'Peg Board Ruler v1',(#2063));
#2060=APPLICATION_PROTOCOL_DEFINITION('international standard',
'automotive_design',2009,#2061);
#2061=APPLICATION_CONTEXT(
'Core Data for Automotive Mechanical Design Process');
#2062=PRODUCT_CONTEXT('part definition',#2061,'mechanical');
#2063=PRODUCT('Peg Board Ruler','Peg Board Ruler v1',$,(#2062));
#2064=PRESENTATION_STYLE_ASSIGNMENT((#2065));
#2065=SURFACE_STYLE_USAGE(.BOTH.,#2066);
#2066=SURFACE_SIDE_STYLE('',(#2067));
#2067=SURFACE_STYLE_FILL_AREA(#2068);
#2068=FILL_AREA_STYLE('Steel - Satin',(#2069));
#2069=FILL_AREA_STYLE_COLOUR('Steel - Satin',#2070);
#2070=COLOUR_RGB('Steel - Satin',0.627450980392157,0.627450980392157,0.627450980392157);
ENDSEC;
END-ISO-10303-21;
